term_id,canonical_label,chapter,category,semantic_type,definition,distinction,allowed_aliases,status,book_i_source,book_ii_source,book_iii_source,source_basis,version_introduced,examples,counterexamples,relationship_ids,constraints,lifecycle_transition_ids
HAL-TERM-0001,Book X,1,Governance,Canonical reference,The controlled HAL volume that defines shared terminology and the cross-canon information model.,"It does not independently create constitutional, architectural, engineering, component, interface, operational, or certification requirements.",Canonical Terminology and Information Model,Approved,Book I Constitutional Governance and Decision 58,Book II Chapters 29 and 35,Book III Chapters 1 and 9,Book X semantic-governance choice constrained by higher-order sources,1.0,A dependent artifact cites `HAL-TERM-0001` when it uses **Book X** with this exact governed meaning: The controlled HAL volume that defines shared terminology and the cross-canon information model.,"A dependent artifact uses **Book X** in a way that violates its required distinction: It does not independently create constitutional, architectural, engineering, component, interface, operational, or certification requirements.",,"It does not independently create constitutional, architectural, engineering, component, interface, operational, or certification requirements.",
HAL-TERM-0002,Canonical Term,1,Governance,Semantic record,"A governed label with one approved meaning, stable identifier, source traceability, relationships, constraints, examples, and lifecycle status.",A commonly used word is not canonical until admitted to this register.,,Approved,Book I Constitutional Governance and Decision 58,Book II Chapters 29 and 35,Book III Chapters 1 and 9,Book X semantic-governance choice constrained by higher-order sources,1.0,"A dependent artifact cites `HAL-TERM-0002` when it uses **Canonical Term** with this exact governed meaning: A governed label with one approved meaning, stable identifier, source traceability, relationships, constraints, examples, and lifecycle status.",A dependent artifact uses **Canonical Term** in a way that violates its required distinction: A commonly used word is not canonical until admitted to this register.,HAL-REL-0049,A commonly used word is not canonical until admitted to this register.,
HAL-TERM-0003,Term Record,1,Governance,Metadata record,The authoritative Book X record for a Canonical Term and its semantic metadata.,A Term Record describes a concept; it is not automatically an operational entity record.,,Approved,Book I Constitutional Governance and Decision 58,Book II Chapters 29 and 35,Book III Chapters 1 and 9,Book X semantic-governance choice constrained by higher-order sources,1.0,A dependent artifact cites `HAL-TERM-0003` when it uses **Term Record** with this exact governed meaning: The authoritative Book X record for a Canonical Term and its semantic metadata.,A dependent artifact uses **Term Record** in a way that violates its required distinction: A Term Record describes a concept; it is not automatically an operational entity record.,,A Term Record describes a concept; it is not automatically an operational entity record.,HAL-TRANS-0001; HAL-TRANS-0002; HAL-TRANS-0003; HAL-TRANS-0004
HAL-TERM-0004,Semantic Authority,1,Governance,Precedence property,The authority of a source to determine meaning within its governed scope according to the canon hierarchy.,Semantic Authority does not grant operational Authority to a Principal.,,Approved,Book I Constitutional Governance and Decision 58,Book II Chapters 29 and 35,Book III Chapters 1 and 9,Book X semantic-governance choice constrained by higher-order sources,1.0,A dependent artifact cites `HAL-TERM-0004` when it uses **Semantic Authority** with this exact governed meaning: The authority of a source to determine meaning within its governed scope according to the canon hierarchy.,A dependent artifact uses **Semantic Authority** in a way that violates its required distinction: Semantic Authority does not grant operational Authority to a Principal.,,Semantic Authority does not grant operational Authority to a Principal.,
HAL-TERM-0005,Semantic Change,1,Governance,Governed change,"A controlled modification to a canonical label, definition, relationship, constraint, status, or mapping.",Editorial correction is a Semantic Change when meaning or compatibility may change.,,Approved,Book I Constitutional Governance and Decision 58,Book II Chapters 29 and 35,Book III Chapters 1 and 9,Book X semantic-governance choice constrained by higher-order sources,1.0,"A dependent artifact cites `HAL-TERM-0005` when it uses **Semantic Change** with this exact governed meaning: A controlled modification to a canonical label, definition, relationship, constraint, status, or mapping.",A dependent artifact uses **Semantic Change** in a way that violates its required distinction: Editorial correction is a Semantic Change when meaning or compatibility may change.,HAL-REL-0047,Editorial correction is a Semantic Change when meaning or compatibility may change.,
HAL-TERM-0006,Qualified Term,1,Governance,Disambiguated label,A label extended with a domain qualifier so that one meaning can be selected without ambiguity.,A qualifier must clarify meaning and must not conceal two distinct concepts under one record.,,Approved,Book I Constitutional Governance and Decision 58,Book II Chapters 29 and 35,Book III Chapters 1 and 9,Book X semantic-governance choice constrained by higher-order sources,1.0,A dependent artifact cites `HAL-TERM-0006` when it uses **Qualified Term** with this exact governed meaning: A label extended with a domain qualifier so that one meaning can be selected without ambiguity.,A dependent artifact uses **Qualified Term** in a way that violates its required distinction: A qualifier must clarify meaning and must not conceal two distinct concepts under one record.,,A qualifier must clarify meaning and must not conceal two distinct concepts under one record.,
HAL-TERM-0007,Allowed Alias,1,Governance,Reference label,A non-canonical label permitted to reference one Canonical Term without changing its meaning.,An alias must not be used where its ambiguity would obscure the canonical concept.,permitted synonym,Approved,Book I Constitutional Governance and Decision 58,Book II Chapters 29 and 35,Book III Chapters 1 and 9,Book X semantic-governance choice constrained by higher-order sources,1.0,A dependent artifact cites `HAL-TERM-0007` when it uses **Allowed Alias** with this exact governed meaning: A non-canonical label permitted to reference one Canonical Term without changing its meaning.,A dependent artifact uses **Allowed Alias** in a way that violates its required distinction: An alias must not be used where its ambiguity would obscure the canonical concept.,,An alias must not be used where its ambiguity would obscure the canonical concept.,
HAL-TERM-0008,Deprecated Term,1,Governance,Lifecycle status,A previously permitted label or meaning retained only for migration and historical interpretation.,Deprecation is not immediate deletion and must identify a replacement and sunset condition.,,Approved,Book I Constitutional Governance and Decision 58,Book II Chapters 29 and 35,Book III Chapters 1 and 9,Book X semantic-governance choice constrained by higher-order sources,1.0,A dependent artifact cites `HAL-TERM-0008` when it uses **Deprecated Term** with this exact governed meaning: A previously permitted label or meaning retained only for migration and historical interpretation.,A dependent artifact uses **Deprecated Term** in a way that violates its required distinction: Deprecation is not immediate deletion and must identify a replacement and sunset condition.,,Deprecation is not immediate deletion and must identify a replacement and sunset condition.,
HAL-TERM-0009,Forbidden Term,1,Governance,Prohibited label or usage,A label or usage prohibited because it collapses materially distinct HAL concepts or creates unsafe ambiguity.,"The prohibition applies to the specified meaning, not necessarily every ordinary-language occurrence.",,Approved,Book I Constitutional Governance and Decision 58,Book II Chapters 29 and 35,Book III Chapters 1 and 9,Book X semantic-governance choice constrained by higher-order sources,1.0,A dependent artifact cites `HAL-TERM-0009` when it uses **Forbidden Term** with this exact governed meaning: A label or usage prohibited because it collapses materially distinct HAL concepts or creates unsafe ambiguity.,"A dependent artifact uses **Forbidden Term** in a way that violates its required distinction: The prohibition applies to the specified meaning, not necessarily every ordinary-language occurrence.",,"The prohibition applies to the specified meaning, not necessarily every ordinary-language occurrence.",
HAL-TERM-0010,Normative Source,1,Governance,Source role,A controlled artifact whose authority determines a requirement or meaning within the canon hierarchy.,Book X cites Normative Sources but cannot promote a lower-order artifact above a higher-order source.,,Approved,Book I Constitutional Governance and Decision 58,Book II Chapters 29 and 35,Book III Chapters 1 and 9,Book X semantic-governance choice constrained by higher-order sources,1.0,A dependent artifact cites `HAL-TERM-0010` when it uses **Normative Source** with this exact governed meaning: A controlled artifact whose authority determines a requirement or meaning within the canon hierarchy.,A dependent artifact uses **Normative Source** in a way that violates its required distinction: Book X cites Normative Sources but cannot promote a lower-order artifact above a higher-order source.,,Book X cites Normative Sources but cannot promote a lower-order artifact above a higher-order source.,
HAL-TERM-0011,Entity,2,Information model,Semantic type,A distinguishable thing with identity and continuity relevant to the HAL domain.,"An Entity is not the same as its record, identifier, state, role, or representation.",,Approved,"Book I Decisions 26, 29, 40, 47, and 51","Book II Chapters 04, 22, 23, 24, 25, and 30",Book III Chapters 3 and 4,Derived semantic synthesis,1.0,A dependent artifact cites `HAL-TERM-0011` when it uses **Entity** with this exact governed meaning: A distinguishable thing with identity and continuity relevant to the HAL domain.,"A dependent artifact uses **Entity** in a way that violates its required distinction: An Entity is not the same as its record, identifier, state, role, or representation.",,"An Entity is not the same as its record, identifier, state, role, or representation.",
HAL-TERM-0012,Value Object,2,Information model,Semantic type,An immutable value defined by its attributes rather than by independent identity.,Changing a Value Object produces another value; it does not mutate an enduring identity.,,Approved,"Book I Decisions 26, 29, 40, 47, and 51","Book II Chapters 04, 22, 23, 24, 25, and 30",Book III Chapters 3 and 4,Derived semantic synthesis,1.0,A dependent artifact cites `HAL-TERM-0012` when it uses **Value Object** with this exact governed meaning: An immutable value defined by its attributes rather than by independent identity.,A dependent artifact uses **Value Object** in a way that violates its required distinction: Changing a Value Object produces another value; it does not mutate an enduring identity.,,Changing a Value Object produces another value; it does not mutate an enduring identity.,
HAL-TERM-0013,Record,2,Information model,Semantic type,"A governed representation of facts, state, decisions, or observations retained by an owning domain.",A Record is not necessarily authoritative evidence and is not interchangeable with the entity represented.,,Approved,"Book I Decisions 26, 29, 40, 47, and 51","Book II Chapters 04, 22, 23, 24, 25, and 30",Book III Chapters 3 and 4,Derived semantic synthesis,1.0,"A dependent artifact cites `HAL-TERM-0013` when it uses **Record** with this exact governed meaning: A governed representation of facts, state, decisions, or observations retained by an owning domain.",A dependent artifact uses **Record** in a way that violates its required distinction: A Record is not necessarily authoritative evidence and is not interchangeable with the entity represented.,,A Record is not necessarily authoritative evidence and is not interchangeable with the entity represented.,
HAL-TERM-0014,Authoritative Record,2,Information model,State role,The record owned by the designated source of truth for a governed state domain.,"A replica, cache, index, projection, or local copy is not authoritative merely because it is current.",source of truth,Approved,"Book I Decisions 26, 29, 40, 47, and 51","Book II Chapters 04, 22, 23, 24, 25, and 30",Book III Chapters 3 and 4,Derived semantic synthesis,1.0,A dependent artifact cites `HAL-TERM-0014` when it uses **Authoritative Record** with this exact governed meaning: The record owned by the designated source of truth for a governed state domain.,"A dependent artifact uses **Authoritative Record** in a way that violates its required distinction: A replica, cache, index, projection, or local copy is not authoritative merely because it is current.",,"A replica, cache, index, projection, or local copy is not authoritative merely because it is current.",
HAL-TERM-0015,Relationship,2,Information model,Semantic type,"A typed association between concepts or entity instances with declared direction, cardinality, constraints, and lifecycle.",Proximity or co-occurrence does not imply a governed Relationship.,,Approved,"Book I Decisions 26, 29, 40, 47, and 51","Book II Chapters 04, 22, 23, 24, 25, and 30",Book III Chapters 3 and 4,Derived semantic synthesis,1.0,"A dependent artifact cites `HAL-TERM-0015` when it uses **Relationship** with this exact governed meaning: A typed association between concepts or entity instances with declared direction, cardinality, constraints, and lifecycle.",A dependent artifact uses **Relationship** in a way that violates its required distinction: Proximity or co-occurrence does not imply a governed Relationship.,,Proximity or co-occurrence does not imply a governed Relationship.,
HAL-TERM-0016,State,2,Information model,Semantic type,The values and lifecycle condition of an entity or process at a defined observation point.,State is not an Event; an Event records a completed fact about change.,,Approved,"Book I Decisions 26, 29, 40, 47, and 51","Book II Chapters 04, 22, 23, 24, 25, and 30",Book III Chapters 3 and 4,Derived semantic synthesis,1.0,A dependent artifact cites `HAL-TERM-0016` when it uses **State** with this exact governed meaning: The values and lifecycle condition of an entity or process at a defined observation point.,A dependent artifact uses **State** in a way that violates its required distinction: State is not an Event; an Event records a completed fact about change.,,State is not an Event; an Event records a completed fact about change.,
HAL-TERM-0017,Lifecycle,2,Information model,Semantic model,"The allowed states, transitions, entry conditions, exit conditions, terminal conditions, and evidence for a governed concept.",A list of statuses without transition rules is not a complete Lifecycle.,,Approved,"Book I Decisions 26, 29, 40, 47, and 51","Book II Chapters 04, 22, 23, 24, 25, and 30",Book III Chapters 3 and 4,Derived semantic synthesis,1.0,"A dependent artifact cites `HAL-TERM-0017` when it uses **Lifecycle** with this exact governed meaning: The allowed states, transitions, entry conditions, exit conditions, terminal conditions, and evidence for a governed concept.",A dependent artifact uses **Lifecycle** in a way that violates its required distinction: A list of statuses without transition rules is not a complete Lifecycle.,,A list of statuses without transition rules is not a complete Lifecycle.,
HAL-TERM-0018,Invariant,2,Information model,Constraint,A condition required to remain true throughout a defined scope or transition set.,An engineering invariant is not automatically a Constitutional invariant.,,Approved,"Book I Decisions 26, 29, 40, 47, and 51","Book II Chapters 04, 22, 23, 24, 25, and 30",Book III Chapters 3 and 4,Derived semantic synthesis,1.0,A dependent artifact cites `HAL-TERM-0018` when it uses **Invariant** with this exact governed meaning: A condition required to remain true throughout a defined scope or transition set.,A dependent artifact uses **Invariant** in a way that violates its required distinction: An engineering invariant is not automatically a Constitutional invariant.,,An engineering invariant is not automatically a Constitutional invariant.,
HAL-TERM-0019,Claim,2,Information model,Evidence-bearing assertion,"A proposition stated for evaluation and linked to its subject, issuer, scope, time, and supporting or opposing evidence.",A Claim is not true merely because it is recorded or signed.,,Approved,Book I Decision 26,Book II Chapters 18 and 25,"Book III Chapters 4, 5, 6, and 8",Direct source normalization,1.0,"A dependent artifact cites `HAL-TERM-0019` when it uses **Claim** with this exact governed meaning: A proposition stated for evaluation and linked to its subject, issuer, scope, time, and supporting or opposing evidence.",A dependent artifact uses **Claim** in a way that violates its required distinction: A Claim is not true merely because it is recorded or signed.,HAL-REL-0027; HAL-REL-0029; HAL-REL-0030,A Claim is not true merely because it is recorded or signed.,
HAL-TERM-0020,Constraint,2,Information model,Rule element,"A condition that limits valid state, relationships, transitions, or behavior within a defined scope.",A preference or target is not a Constraint unless its governing source makes it binding.,,Approved,"Book I Decisions 26, 29, 40, 47, and 51","Book II Chapters 04, 22, 23, 24, 25, and 30",Book III Chapters 3 and 4,Derived semantic synthesis,1.0,"A dependent artifact cites `HAL-TERM-0020` when it uses **Constraint** with this exact governed meaning: A condition that limits valid state, relationships, transitions, or behavior within a defined scope.",A dependent artifact uses **Constraint** in a way that violates its required distinction: A preference or target is not a Constraint unless its governing source makes it binding.,,A preference or target is not a Constraint unless its governing source makes it binding.,
HAL-TERM-0021,Owner,3,Constitutional,Constitutional role,The unique human principal holding HAL's constitutional ownership and the authority reserved to that role by Book I.,"Ownership must not be inferred from possession of infrastructure, credentials, data, or a deployment. Founder is a historical source label for this same role, never a second constitutional role.",Founder,Approved,"Book I Decisions 48, 49, and 58","Book II Chapters 03, 04, 05, and 21","Book III Chapters 1, 5, and 8",Direct source normalization,1.0,A dependent artifact cites `HAL-TERM-0021` when it uses **Owner** with this exact governed meaning: The unique human principal holding HAL's constitutional ownership and the authority reserved to that role by Book I.,"A dependent artifact uses **Owner** in a way that violates its required distinction: Ownership must not be inferred from possession of infrastructure, credentials, data, or a deployment. Founder is a historical source label for this same role, never a second constitutional role.",HAL-REL-0001; HAL-REL-0051,"Ownership must not be inferred from possession of infrastructure, credentials, data, or a deployment. Founder is a historical source label for this same role, never a second constitutional role.",
HAL-TERM-0022,HAL,3,Constitutional,Constitutional identity,"The single constitutionally governed intelligence whose continuity is independent of any one model, service, Presence, node, or machine.","A runtime instance, model, component, or interface must not be called a separate HAL identity.",,Approved,"Book I Preamble and Decisions 45, 47, 49, and 51","Book II Chapters 01, 02, 14, 28, and 30","Book III Chapters 1, 5, 7, and 8",Direct source normalization,1.0,"A dependent artifact cites `HAL-TERM-0022` when it uses **HAL** with this exact governed meaning: The single constitutionally governed intelligence whose continuity is independent of any one model, service, Presence, node, or machine.","A dependent artifact uses **HAL** in a way that violates its required distinction: A runtime instance, model, component, or interface must not be called a separate HAL identity.",HAL-REL-0001; HAL-REL-0002; HAL-REL-0004; HAL-REL-0005,"A runtime instance, model, component, or interface must not be called a separate HAL identity.",
HAL-TERM-0023,Constitution,3,Constitutional,Supreme governing instrument,"Book I, the supreme source of HAL identity, principles, authority, rights, duties, prohibitions, and invariants.","No lower-order book, policy, configuration, or code may amend the Constitution by reinterpretation.",Book I,Approved,Book I Constitutional Governance and Decision 58,"Book II Chapters 03, 29, 30, and 35","Book III Chapters 1, 8, and 9",Direct source normalization,1.0,"A dependent artifact cites `HAL-TERM-0023` when it uses **Constitution** with this exact governed meaning: Book I, the supreme source of HAL identity, principles, authority, rights, duties, prohibitions, and invariants.","A dependent artifact uses **Constitution** in a way that violates its required distinction: No lower-order book, policy, configuration, or code may amend the Constitution by reinterpretation.",HAL-REL-0002,"No lower-order book, policy, configuration, or code may amend the Constitution by reinterpretation.",
HAL-TERM-0024,Constitutional Invariant,3,Constitutional,Constitutional constraint,A Book I requirement whose alteration may change HAL's constitutional identity and cannot be waived or redefined by lower-order documents.,An architectural or engineering invariant is not constitutional unless Book I makes it so.,,Approved,Book I Constitutional Governance and Decision 58,"Book II Chapters 03, 29, 30, and 35","Book III Chapters 1, 8, and 9",Direct source normalization,1.0,A dependent artifact cites `HAL-TERM-0024` when it uses **Constitutional Invariant** with this exact governed meaning: A Book I requirement whose alteration may change HAL's constitutional identity and cannot be waived or redefined by lower-order documents.,A dependent artifact uses **Constitutional Invariant** in a way that violates its required distinction: An architectural or engineering invariant is not constitutional unless Book I makes it so.,HAL-REL-0003,An architectural or engineering invariant is not constitutional unless Book I makes it so.,
HAL-TERM-0025,Constitutional Kernel,3,Constitutional,Architectural component class,The Book II architectural authority that evaluates and enforces constitutional rules at designated decision and action paths.,It does not replace the Constitution or independently invent constitutional meaning.,,Approved,"Book I Decisions 25, 27, 40, 43, 48, 49, and 50",Book II Chapter 03,"Book III Chapters 1, 3, 5, 7, and 8",Direct source normalization,1.0,A dependent artifact cites `HAL-TERM-0025` when it uses **Constitutional Kernel** with this exact governed meaning: The Book II architectural authority that evaluates and enforces constitutional rules at designated decision and action paths.,A dependent artifact uses **Constitutional Kernel** in a way that violates its required distinction: It does not replace the Constitution or independently invent constitutional meaning.,HAL-REL-0003,It does not replace the Constitution or independently invent constitutional meaning.,
HAL-TERM-0026,Constitutional Mirror,3,Constitutional,Self-description mechanism,"The governed, evidence-linked representation through which HAL describes its identity, governing constraints, capabilities, limitations, and conformance state.",It is not a source of new constitutional authority and must not become self-authorizing.,,Approved,Book I Decisions 28 and 51,Book II Chapter 30,Book III Chapters 4 and 8,Direct source normalization,1.0,"A dependent artifact cites `HAL-TERM-0026` when it uses **Constitutional Mirror** with this exact governed meaning: The governed, evidence-linked representation through which HAL describes its identity, governing constraints, capabilities, limitations, and conformance state.",A dependent artifact uses **Constitutional Mirror** in a way that violates its required distinction: It is not a source of new constitutional authority and must not become self-authorizing.,HAL-REL-0004,It is not a source of new constitutional authority and must not become self-authorizing.,
HAL-TERM-0027,Continuity,3,Identity,Constitutional property,"The governed preservation of HAL identity, obligations, provenance, and essential state across time, replacement, recovery, and deployment change.",Continuity does not require uninterrupted availability or persistence of every transient process.,,Approved,"Book I Decisions 45, 47, and 51","Book II Chapters 04, 28, and 30","Book III Chapters 1, 7, and 8",Direct source normalization,1.0,"A dependent artifact cites `HAL-TERM-0027` when it uses **Continuity** with this exact governed meaning: The governed preservation of HAL identity, obligations, provenance, and essential state across time, replacement, recovery, and deployment change.",A dependent artifact uses **Continuity** in a way that violates its required distinction: Continuity does not require uninterrupted availability or persistence of every transient process.,,Continuity does not require uninterrupted availability or persistence of every transient process.,
HAL-TERM-0028,Presence,3,Interaction,Contextual manifestation,"A bounded manifestation through which HAL senses, communicates, or acts in a particular human, device, location, modality, or session context.",A Presence is not a separate HAL identity and does not independently hold Owner authority.,,Approved,Book I Decision 45,Book II Chapters 14 and 31,Book III Chapters 4 and 5,Direct source normalization,1.0,"A dependent artifact cites `HAL-TERM-0028` when it uses **Presence** with this exact governed meaning: A bounded manifestation through which HAL senses, communicates, or acts in a particular human, device, location, modality, or session context.",A dependent artifact uses **Presence** in a way that violates its required distinction: A Presence is not a separate HAL identity and does not independently hold Owner authority.,HAL-REL-0005; HAL-REL-0006,A Presence is not a separate HAL identity and does not independently hold Owner authority.,
HAL-TERM-0029,Embodiment,3,Interaction,Contextual binding,"The governed association of a Presence with physical or virtual sensors, actuators, interfaces, and environmental context.",Embodiment does not make hardware ownership equivalent to constitutional ownership.,,Approved,Book I Decision 45,Book II Chapters 14 and 31,Book III Chapters 4 and 5,Direct source normalization,1.0,"A dependent artifact cites `HAL-TERM-0029` when it uses **Embodiment** with this exact governed meaning: The governed association of a Presence with physical or virtual sensors, actuators, interfaces, and environmental context.",A dependent artifact uses **Embodiment** in a way that violates its required distinction: Embodiment does not make hardware ownership equivalent to constitutional ownership.,HAL-REL-0006,Embodiment does not make hardware ownership equivalent to constitutional ownership.,
HAL-TERM-0030,Sovereignty,3,Constitutional,Constitutional property,"HAL's constitutionally governed independence from unauthorized external control, coercion, substitution, or absorption.",Sovereignty does not authorize HAL to exceed Owner authority or human rights.,,Approved,Book I Decision 49,Book II Chapters 20 and 21,Book III Chapter 5,Direct source normalization,1.0,"A dependent artifact cites `HAL-TERM-0030` when it uses **Sovereignty** with this exact governed meaning: HAL's constitutionally governed independence from unauthorized external control, coercion, substitution, or absorption.",A dependent artifact uses **Sovereignty** in a way that violates its required distinction: Sovereignty does not authorize HAL to exceed Owner authority or human rights.,,Sovereignty does not authorize HAL to exceed Owner authority or human rights.,
HAL-TERM-0031,Identity,4,Identity,Governed entity identity,"The durable governed identity by which HAL recognizes a human, device, service, sensor, agent, node, or subsystem as the same entity across time.","Identity is distinct from names, identifiers, attributes, roles, credentials, trust, authority, and Presence.",,Approved,"Book I Decisions 6, 27, and 48",Book II Chapters 04 and 05,Book III Chapter 5,Direct source normalization,1.0,"A dependent artifact cites `HAL-TERM-0031` when it uses **Identity** with this exact governed meaning: The durable governed identity by which HAL recognizes a human, device, service, sensor, agent, node, or subsystem as the same entity across time.","A dependent artifact uses **Identity** in a way that violates its required distinction: Identity is distinct from names, identifiers, attributes, roles, credentials, trust, authority, and Presence.",HAL-REL-0007; HAL-REL-0008; HAL-REL-0009,"Identity is distinct from names, identifiers, attributes, roles, credentials, trust, authority, and Presence.",
HAL-TERM-0032,Principal,4,Identity,Governed actor role,"An Identity that may be the subject of authentication, policy evaluation, authority, delegation, accountability, or action attribution.",Principal status does not itself grant authority.,,Approved,"Book I Decisions 6, 27, and 48",Book II Chapters 04 and 05,Book III Chapter 5,Direct source normalization,1.0,"A dependent artifact cites `HAL-TERM-0032` when it uses **Principal** with this exact governed meaning: An Identity that may be the subject of authentication, policy evaluation, authority, delegation, accountability, or action attribution.",A dependent artifact uses **Principal** in a way that violates its required distinction: Principal status does not itself grant authority.,,Principal status does not itself grant authority.,
HAL-TERM-0033,Identity Record,4,Identity,Authoritative record,"The authoritative governed state representing an Identity, including its immutable identity reference, type, lifecycle, handles, relationships, and source-approved metadata.",The record represents an Identity but is not interchangeable with the Identity.,,Approved,"Book I Decisions 6, 27, and 48",Book II Chapters 04 and 05,Book III Chapter 5,Direct source normalization,1.0,"A dependent artifact cites `HAL-TERM-0033` when it uses **Identity Record** with this exact governed meaning: The authoritative governed state representing an Identity, including its immutable identity reference, type, lifecycle, handles, relationships, and source-approved metadata.",A dependent artifact uses **Identity Record** in a way that violates its required distinction: The record represents an Identity but is not interchangeable with the Identity.,HAL-REL-0007,The record represents an Identity but is not interchangeable with the Identity.,
HAL-TERM-0034,Identifier,4,Identity,Reference value,A value used to reference an Identity or another entity within a declared namespace and lifecycle.,Possession or presentation of an Identifier does not authenticate identity or grant authority.,ID,Approved,"Book I Decisions 6, 27, and 48",Book II Chapters 04 and 05,Book III Chapter 5,Direct source normalization,1.0,A dependent artifact cites `HAL-TERM-0034` when it uses **Identifier** with this exact governed meaning: A value used to reference an Identity or another entity within a declared namespace and lifecycle.,A dependent artifact uses **Identifier** in a way that violates its required distinction: Possession or presentation of an Identifier does not authenticate identity or grant authority.,HAL-REL-0008,Possession or presentation of an Identifier does not authenticate identity or grant authority.,
HAL-TERM-0035,Identity Attribute,4,Identity,Governed descriptive value,"A property, assertion, or governed fact associated with an Identity and qualified by source, time, and confidence where applicable.","An attribute is not the Identity and does not independently establish authentication, trust, or authority.",,Approved,"Book I Decisions 6, 27, and 48",Book II Chapters 04 and 05,Book III Chapter 5,Direct source normalization,1.0,"A dependent artifact cites `HAL-TERM-0035` when it uses **Identity Attribute** with this exact governed meaning: A property, assertion, or governed fact associated with an Identity and qualified by source, time, and confidence where applicable.","A dependent artifact uses **Identity Attribute** in a way that violates its required distinction: An attribute is not the Identity and does not independently establish authentication, trust, or authority.",HAL-REL-0009,"An attribute is not the Identity and does not independently establish authentication, trust, or authority.",
HAL-TERM-0036,Credential,4,Security,Authentication instrument,"A governed secret, key, token, certificate, biometric template, or other instrument used in an authentication protocol.","Credential possession is evidence, not identity, trust, permission, or authority by itself.",,Approved,"Book I Decisions 6, 27, and 48",Book II Chapters 04 and 05,Book III Chapter 5,Direct source normalization,1.0,"A dependent artifact cites `HAL-TERM-0036` when it uses **Credential** with this exact governed meaning: A governed secret, key, token, certificate, biometric template, or other instrument used in an authentication protocol.","A dependent artifact uses **Credential** in a way that violates its required distinction: Credential possession is evidence, not identity, trust, permission, or authority by itself.",,"Credential possession is evidence, not identity, trust, permission, or authority by itself.",
HAL-TERM-0037,Authentication,4,Identity,Assurance process and result,The evidence-based process and resulting confidence that a claimed Identity is presently genuine in a specified context.,Authentication answers who or what is present; it does not answer what action is allowed.,,Approved,"Book I Decisions 6, 27, and 48",Book II Chapters 04 and 05,Book III Chapter 5,Direct source normalization,1.0,A dependent artifact cites `HAL-TERM-0037` when it uses **Authentication** with this exact governed meaning: The evidence-based process and resulting confidence that a claimed Identity is presently genuine in a specified context.,A dependent artifact uses **Authentication** in a way that violates its required distinction: Authentication answers who or what is present; it does not answer what action is allowed.,HAL-REL-0010,Authentication answers who or what is present; it does not answer what action is allowed.,
HAL-TERM-0038,Authentication Evidence,4,Evidence,Evidence role,One or more Evidence Objects used to assess whether a claimed Identity is presently genuine.,Authentication Evidence informs assurance but does not itself grant authority.,,Approved,"Book I Decisions 6, 27, and 48",Book II Chapters 04 and 05,Book III Chapter 5,Direct source normalization,1.0,A dependent artifact cites `HAL-TERM-0038` when it uses **Authentication Evidence** with this exact governed meaning: One or more Evidence Objects used to assess whether a claimed Identity is presently genuine.,A dependent artifact uses **Authentication Evidence** in a way that violates its required distinction: Authentication Evidence informs assurance but does not itself grant authority.,HAL-REL-0010,Authentication Evidence informs assurance but does not itself grant authority.,
HAL-TERM-0039,Trust,4,Trust,Evidence-based assessment,"Multidimensional, domain-specific confidence derived from evidence about an entity, claim, process, or relationship.",Trust may inform decisions but must not be treated as authority or permission.,,Approved,"Book I Decisions 5, 25, 26, 27, and 48","Book II Chapters 03, 05, and 18","Book III Chapters 3, 5, and 8",Direct source normalization,1.0,"A dependent artifact cites `HAL-TERM-0039` when it uses **Trust** with this exact governed meaning: Multidimensional, domain-specific confidence derived from evidence about an entity, claim, process, or relationship.",A dependent artifact uses **Trust** in a way that violates its required distinction: Trust may inform decisions but must not be treated as authority or permission.,HAL-REL-0014,Trust may inform decisions but must not be treated as authority or permission.,
HAL-TERM-0040,Permission,4,Authority,Decision result,A scoped result of authoritative policy evaluation allowing a specified Principal to attempt a specified operation under stated context and conditions.,"Permission is not identical to Authority, Delegation, Capability, role, trust, or credential possession.",authorization result,Approved,"Book I Decisions 5, 25, 26, 27, and 48","Book II Chapters 03, 05, and 18","Book III Chapters 3, 5, and 8",Direct source normalization,1.0,A dependent artifact cites `HAL-TERM-0040` when it uses **Permission** with this exact governed meaning: A scoped result of authoritative policy evaluation allowing a specified Principal to attempt a specified operation under stated context and conditions.,"A dependent artifact uses **Permission** in a way that violates its required distinction: Permission is not identical to Authority, Delegation, Capability, role, trust, or credential possession.",HAL-REL-0012; HAL-REL-0013,"Permission is not identical to Authority, Delegation, Capability, role, trust, or credential possession.",
HAL-TERM-0041,Authority,4,Authority,Governed decision and action scope,The constitutionally and policy-governed scope within which a Principal may decide or cause action.,"Authority constrains Permission evaluation but is not itself a Permission result and is not inferred from identity, trust, capability, role, proximity, or credentials.",,Approved,"Book I Decisions 5, 25, 26, 27, and 48","Book II Chapters 03, 05, and 18","Book III Chapters 3, 5, and 8",Direct source normalization,1.0,A dependent artifact cites `HAL-TERM-0041` when it uses **Authority** with this exact governed meaning: The constitutionally and policy-governed scope within which a Principal may decide or cause action.,"A dependent artifact uses **Authority** in a way that violates its required distinction: Authority constrains Permission evaluation but is not itself a Permission result and is not inferred from identity, trust, capability, role, proximity, or credentials.",HAL-REL-0011; HAL-REL-0013,"Authority constrains Permission evaluation but is not itself a Permission result and is not inferred from identity, trust, capability, role, proximity, or credentials.",
HAL-TERM-0042,Delegation,4,Authority,Governed authority grant,"An attributable, scoped, conditional, expiring, and revocable grant of Authority from an authorized delegator to a recipient.",A Delegation cannot grant authority the delegator does not possess or make a constitutional invariant waivable.,,Approved,"Book I Decisions 5, 25, 26, 27, and 48","Book II Chapters 03, 05, and 18","Book III Chapters 3, 5, and 8",Direct source normalization,1.0,"A dependent artifact cites `HAL-TERM-0042` when it uses **Delegation** with this exact governed meaning: An attributable, scoped, conditional, expiring, and revocable grant of Authority from an authorized delegator to a recipient.",A dependent artifact uses **Delegation** in a way that violates its required distinction: A Delegation cannot grant authority the delegator does not possess or make a constitutional invariant waivable.,HAL-REL-0011,A Delegation cannot grant authority the delegator does not possess or make a constitutional invariant waivable.,HAL-TRANS-0005; HAL-TRANS-0006; HAL-TRANS-0007
HAL-TERM-0043,Policy,4,Authority,Decision rule set,"A governed set of rules evaluated against identity, authority, delegation, purpose, context, resource, and risk inputs.",A Policy is not itself a decision and cannot outrank its Normative Source.,,Approved,"Book I Decisions 5, 25, 26, 27, and 48","Book II Chapters 03, 05, and 18","Book III Chapters 3, 5, and 8",Direct source normalization,1.0,"A dependent artifact cites `HAL-TERM-0043` when it uses **Policy** with this exact governed meaning: A governed set of rules evaluated against identity, authority, delegation, purpose, context, resource, and risk inputs.",A dependent artifact uses **Policy** in a way that violates its required distinction: A Policy is not itself a decision and cannot outrank its Normative Source.,HAL-REL-0012,A Policy is not itself a decision and cannot outrank its Normative Source.,
HAL-TERM-0044,Policy Decision Record,4,Authority,Decision record,"The attributable record of a policy evaluation, including inputs, governing policy version, outcome, obligations, reason, and correlation data.",It records a decision; it does not create standing Authority beyond that decision's scope.,authorization decision record,Approved,"Book I Decisions 5, 25, 26, 27, and 48","Book II Chapters 03, 05, and 18","Book III Chapters 3, 5, and 8",Direct source normalization,1.0,"A dependent artifact cites `HAL-TERM-0044` when it uses **Policy Decision Record** with this exact governed meaning: The attributable record of a policy evaluation, including inputs, governing policy version, outcome, obligations, reason, and correlation data.",A dependent artifact uses **Policy Decision Record** in a way that violates its required distinction: It records a decision; it does not create standing Authority beyond that decision's scope.,HAL-REL-0014,It records a decision; it does not create standing Authority beyond that decision's scope.,
HAL-TERM-0045,Protected Action,4,Authority,Risk classification,"An Action whose authority, privacy, security, safety, irreversibility, or constitutional impact requires explicit governed evaluation and evidence.",A routine implementation detail is not protected merely because it is technically complex.,,Approved,"Book I Decisions 5, 25, 26, 27, and 48","Book II Chapters 03, 05, and 18","Book III Chapters 3, 5, and 8",Direct source normalization,1.0,"A dependent artifact cites `HAL-TERM-0045` when it uses **Protected Action** with this exact governed meaning: An Action whose authority, privacy, security, safety, irreversibility, or constitutional impact requires explicit governed evaluation and evidence.",A dependent artifact uses **Protected Action** in a way that violates its required distinction: A routine implementation detail is not protected merely because it is technically complex.,HAL-REL-0052,A routine implementation detail is not protected merely because it is technically complex.,
HAL-TERM-0046,Intent,5,Cognition,Purpose object,"A governed expression of desired purpose, direction, or outcome attributable to an authorized source.","Intent is not a Plan, Action, Permission, or evidence that an outcome occurred.",,Approved,"Book I Decisions 12, 18, and 46",Book II Chapters 06 and 07,"Book III Chapters 3, 6, and 8",Direct source normalization,1.0,"A dependent artifact cites `HAL-TERM-0046` when it uses **Intent** with this exact governed meaning: A governed expression of desired purpose, direction, or outcome attributable to an authorized source.","A dependent artifact uses **Intent** in a way that violates its required distinction: Intent is not a Plan, Action, Permission, or evidence that an outcome occurred.",HAL-REL-0015,"Intent is not a Plan, Action, Permission, or evidence that an outcome occurred.",
HAL-TERM-0047,Vision,5,Cognition,Long-horizon intent,A durable directional state describing an intended future without fully specifying its execution path.,A Vision is broader and less operational than a Goal.,,Approved,"Book I Decisions 12, 18, and 46",Book II Chapters 06 and 07,"Book III Chapters 3, 6, and 8",Direct source normalization,1.0,A dependent artifact cites `HAL-TERM-0047` when it uses **Vision** with this exact governed meaning: A durable directional state describing an intended future without fully specifying its execution path.,A dependent artifact uses **Vision** in a way that violates its required distinction: A Vision is broader and less operational than a Goal.,,A Vision is broader and less operational than a Goal.,
HAL-TERM-0048,Goal,5,Cognition,Outcome target,A governed desired outcome with success criteria and a time or review horizon.,A Goal does not by itself authorize Actions used to pursue it.,,Approved,"Book I Decisions 12, 18, and 46",Book II Chapters 06 and 07,"Book III Chapters 3, 6, and 8",Direct source normalization,1.0,A dependent artifact cites `HAL-TERM-0048` when it uses **Goal** with this exact governed meaning: A governed desired outcome with success criteria and a time or review horizon.,A dependent artifact uses **Goal** in a way that violates its required distinction: A Goal does not by itself authorize Actions used to pursue it.,HAL-REL-0015; HAL-REL-0016; HAL-REL-0020,A Goal does not by itself authorize Actions used to pursue it.,
HAL-TERM-0049,Objective,5,Cognition,Measurable target,"A bounded, measurable target that advances a Goal and has explicit completion or evaluation criteria.","An Objective is not a Task; it states what must be achieved, not merely what work is performed.",,Approved,"Book I Decisions 12, 18, and 46",Book II Chapters 06 and 07,"Book III Chapters 3, 6, and 8",Direct source normalization,1.0,"A dependent artifact cites `HAL-TERM-0049` when it uses **Objective** with this exact governed meaning: A bounded, measurable target that advances a Goal and has explicit completion or evaluation criteria.","A dependent artifact uses **Objective** in a way that violates its required distinction: An Objective is not a Task; it states what must be achieved, not merely what work is performed.",HAL-REL-0016; HAL-REL-0017,"An Objective is not a Task; it states what must be achieved, not merely what work is performed.",
HAL-TERM-0050,Project,5,Cognition,Coordinated work container,"A governed body of related Objectives, Plans, Tasks, resources, decisions, and evidence organized toward a defined outcome.",A Project is not standing authority for every contained Action.,,Approved,"Book I Decisions 12, 18, and 46",Book II Chapters 06 and 07,"Book III Chapters 3, 6, and 8",Direct source normalization,1.0,"A dependent artifact cites `HAL-TERM-0050` when it uses **Project** with this exact governed meaning: A governed body of related Objectives, Plans, Tasks, resources, decisions, and evidence organized toward a defined outcome.",A dependent artifact uses **Project** in a way that violates its required distinction: A Project is not standing authority for every contained Action.,,A Project is not standing authority for every contained Action.,
HAL-TERM-0051,Task,5,Cognition,Work unit,"A bounded unit of work with responsibility, inputs, expected result, dependencies, and completion evidence.",Completing a Task is not equivalent to achieving the parent Objective or Goal.,,Approved,"Book I Decisions 12, 18, and 46",Book II Chapters 06 and 07,"Book III Chapters 3, 6, and 8",Direct source normalization,1.0,"A dependent artifact cites `HAL-TERM-0051` when it uses **Task** with this exact governed meaning: A bounded unit of work with responsibility, inputs, expected result, dependencies, and completion evidence.",A dependent artifact uses **Task** in a way that violates its required distinction: Completing a Task is not equivalent to achieving the parent Objective or Goal.,HAL-REL-0018,Completing a Task is not equivalent to achieving the parent Objective or Goal.,
HAL-TERM-0052,Strategy,5,Cognition,Approach selection,"A reasoned approach for advancing one or more Goals under known constraints, uncertainties, and tradeoffs.",A Strategy is not an executable Plan and does not bypass verification.,,Approved,"Book I Decisions 12, 18, and 46",Book II Chapters 06 and 07,"Book III Chapters 3, 6, and 8",Direct source normalization,1.0,"A dependent artifact cites `HAL-TERM-0052` when it uses **Strategy** with this exact governed meaning: A reasoned approach for advancing one or more Goals under known constraints, uncertainties, and tradeoffs.",A dependent artifact uses **Strategy** in a way that violates its required distinction: A Strategy is not an executable Plan and does not bypass verification.,,A Strategy is not an executable Plan and does not bypass verification.,
HAL-TERM-0053,Plan,5,Cognition,Coordinated intended work,"A governed arrangement of Tasks, dependencies, resources, decision points, verification steps, and recovery conditions intended to realize an Objective.","A Plan is not proof that Actions are permitted, executed, or successful.",,Approved,"Book I Decisions 12, 18, and 46",Book II Chapters 06 and 07,"Book III Chapters 3, 6, and 8",Direct source normalization,1.0,"A dependent artifact cites `HAL-TERM-0053` when it uses **Plan** with this exact governed meaning: A governed arrangement of Tasks, dependencies, resources, decision points, verification steps, and recovery conditions intended to realize an Objective.","A dependent artifact uses **Plan** in a way that violates its required distinction: A Plan is not proof that Actions are permitted, executed, or successful.",HAL-REL-0017; HAL-REL-0018,"A Plan is not proof that Actions are permitted, executed, or successful.",
HAL-TERM-0054,Plan Graph,5,Cognition,Planning representation,"A dependency graph of intended work, decisions, resources, and verification gates.","It represents intended coordination, not completed reality.",,Approved,"Book I Decisions 12, 18, and 46",Book II Chapters 06 and 07,"Book III Chapters 3, 6, and 8",Direct source normalization,1.0,"A dependent artifact cites `HAL-TERM-0054` when it uses **Plan Graph** with this exact governed meaning: A dependency graph of intended work, decisions, resources, and verification gates.","A dependent artifact uses **Plan Graph** in a way that violates its required distinction: It represents intended coordination, not completed reality.",,"It represents intended coordination, not completed reality.",
HAL-TERM-0055,Execution Graph,5,Cognition,Runtime representation,"The governed graph of actual Attempts, Actions, dependencies, outcomes, and evidence for an execution instance.",It must not be silently substituted for the Plan Graph when explaining divergence.,,Approved,"Book I Decisions 12, 18, and 46",Book II Chapters 06 and 07,"Book III Chapters 3, 6, and 8",Direct source normalization,1.0,"A dependent artifact cites `HAL-TERM-0055` when it uses **Execution Graph** with this exact governed meaning: The governed graph of actual Attempts, Actions, dependencies, outcomes, and evidence for an execution instance.",A dependent artifact uses **Execution Graph** in a way that violates its required distinction: It must not be silently substituted for the Plan Graph when explaining divergence.,,It must not be silently substituted for the Plan Graph when explaining divergence.,
HAL-TERM-0056,Attention Object,5,Cognition,Prioritization record,"A durable object representing a candidate matter for bounded attention, including source, salience, urgency, risk, relevance, context, disposition, and evidence.","Attention is not Authority, approval, or a promise to act.",,Approved,Book I Decision 54,Book II Chapter 08,"Book III Chapters 4, 6, and 8",Direct source normalization,1.0,"A dependent artifact cites `HAL-TERM-0056` when it uses **Attention Object** with this exact governed meaning: A durable object representing a candidate matter for bounded attention, including source, salience, urgency, risk, relevance, context, disposition, and evidence.","A dependent artifact uses **Attention Object** in a way that violates its required distinction: Attention is not Authority, approval, or a promise to act.",,"Attention is not Authority, approval, or a promise to act.",
HAL-TERM-0057,Decision Object,5,Cognition,Decision record,"A durable record of a consequential decision including question, alternatives, authority context, evidence, uncertainty, judgment, rationale, selected disposition, and review conditions.",It records a decision and must not be used as a substitute for required Permission or execution evidence.,,Approved,Book I Decision 55,Book II Chapter 09,"Book III Chapters 4, 6, and 8",Direct source normalization,1.0,"A dependent artifact cites `HAL-TERM-0057` when it uses **Decision Object** with this exact governed meaning: A durable record of a consequential decision including question, alternatives, authority context, evidence, uncertainty, judgment, rationale, selected disposition, and review conditions.",A dependent artifact uses **Decision Object** in a way that violates its required distinction: It records a decision and must not be used as a substitute for required Permission or execution evidence.,HAL-REL-0019,It records a decision and must not be used as a substitute for required Permission or execution evidence.,
HAL-TERM-0058,Judgment,5,Cognition,Reasoned evaluation,"The context-sensitive evaluation that weighs evidence, uncertainty, values, consequences, proportionality, and restraint to reach or recommend a decision.",Judgment must not silently invent authority or conceal unresolved uncertainty.,,Approved,Book I Decision 55,Book II Chapter 09,"Book III Chapters 4, 6, and 8",Direct source normalization,1.0,"A dependent artifact cites `HAL-TERM-0058` when it uses **Judgment** with this exact governed meaning: The context-sensitive evaluation that weighs evidence, uncertainty, values, consequences, proportionality, and restraint to reach or recommend a decision.",A dependent artifact uses **Judgment** in a way that violates its required distinction: Judgment must not silently invent authority or conceal unresolved uncertainty.,HAL-REL-0019; HAL-REL-0036,Judgment must not silently invent authority or conceal unresolved uncertainty.,
HAL-TERM-0059,Uncertainty,5,Cognition,Epistemic condition,"A represented limitation in knowledge, evidence, prediction, interpretation, or confidence relevant to a claim or decision.",Uncertainty is not failure; unrepresented material uncertainty is a defect.,,Approved,Book I Decision 55,Book II Chapter 09,"Book III Chapters 4, 6, and 8",Direct source normalization,1.0,"A dependent artifact cites `HAL-TERM-0059` when it uses **Uncertainty** with this exact governed meaning: A represented limitation in knowledge, evidence, prediction, interpretation, or confidence relevant to a claim or decision.",A dependent artifact uses **Uncertainty** in a way that violates its required distinction: Uncertainty is not failure; unrepresented material uncertainty is a defect.,,Uncertainty is not failure; unrepresented material uncertainty is a defect.,
HAL-TERM-0060,Outcome Object,5,Cognition,Outcome record,"A durable record linking intended outcome, observed result, affected parties, evidence, side effects, confidence, and evaluation.","It is not equivalent to an Event, metric sample, or optimistic status assertion.",,Approved,Book I Decision 57,Book II Chapter 32,"Book III Chapters 4, 6, and 8",Direct source normalization,1.0,"A dependent artifact cites `HAL-TERM-0060` when it uses **Outcome Object** with this exact governed meaning: A durable record linking intended outcome, observed result, affected parties, evidence, side effects, confidence, and evaluation.","A dependent artifact uses **Outcome Object** in a way that violates its required distinction: It is not equivalent to an Event, metric sample, or optimistic status assertion.",HAL-REL-0020,"It is not equivalent to an Event, metric sample, or optimistic status assertion.",
HAL-TERM-0061,Success,5,Cognition,Evaluated condition,"A source-governed determination that relevant outcomes satisfy stated criteria without unacceptable constitutional, human, privacy, security, or reliability costs.","Task completion, activity volume, or a single metric does not by itself establish Success.",,Approved,Book I Decision 57,Book II Chapter 32,"Book III Chapters 4, 6, and 8",Direct source normalization,1.0,"A dependent artifact cites `HAL-TERM-0061` when it uses **Success** with this exact governed meaning: A source-governed determination that relevant outcomes satisfy stated criteria without unacceptable constitutional, human, privacy, security, or reliability costs.","A dependent artifact uses **Success** in a way that violates its required distinction: Task completion, activity volume, or a single metric does not by itself establish Success.",,"Task completion, activity volume, or a single metric does not by itself establish Success.",
HAL-TERM-0062,Capability,6,Capability,Implementation-independent contract,"An abstract ability defined by outcomes, inputs, outputs, constraints, required authority and permission classes, risks, side effects, and evaluation criteria.",Capability does not identify an implementation and does not grant authority to use the ability.,,Approved,Book I Decisions 10 and 36,Book II Chapter 15,"Book III Chapters 3, 5, and 7",Direct source normalization,1.0,"A dependent artifact cites `HAL-TERM-0062` when it uses **Capability** with this exact governed meaning: An abstract ability defined by outcomes, inputs, outputs, constraints, required authority and permission classes, risks, side effects, and evaluation criteria.",A dependent artifact uses **Capability** in a way that violates its required distinction: Capability does not identify an implementation and does not grant authority to use the ability.,HAL-REL-0021; HAL-REL-0022,Capability does not identify an implementation and does not grant authority to use the ability.,
HAL-TERM-0063,Capability Contract,6,Capability,Contract record,"The versioned specification of a Capability's semantic inputs, outputs, preconditions, effects, risks, authority requirements, evidence, and compatibility.",It is not a provider-specific API contract.,,Approved,Book I Decisions 10 and 36,Book II Chapter 15,"Book III Chapters 3, 5, and 7",Direct source normalization,1.0,"A dependent artifact cites `HAL-TERM-0063` when it uses **Capability Contract** with this exact governed meaning: The versioned specification of a Capability's semantic inputs, outputs, preconditions, effects, risks, authority requirements, evidence, and compatibility.",A dependent artifact uses **Capability Contract** in a way that violates its required distinction: It is not a provider-specific API contract.,HAL-REL-0021,It is not a provider-specific API contract.,
HAL-TERM-0064,Provider,6,Capability,Implementation role,"A component, service, model, person, device, or external system that can fulfill a Capability under a declared contract and trust context.",Being able to perform work does not authorize the Provider to perform it.,,Approved,Book I Decisions 10 and 36,Book II Chapter 15,"Book III Chapters 3, 5, and 7",Direct source normalization,1.0,"A dependent artifact cites `HAL-TERM-0064` when it uses **Provider** with this exact governed meaning: A component, service, model, person, device, or external system that can fulfill a Capability under a declared contract and trust context.",A dependent artifact uses **Provider** in a way that violates its required distinction: Being able to perform work does not authorize the Provider to perform it.,HAL-REL-0022; HAL-REL-0023,Being able to perform work does not authorize the Provider to perform it.,
HAL-TERM-0065,Adapter,6,Capability,Boundary component role,"A component that translates between a Capability Contract and a provider-specific interface while preserving authority, semantics, evidence, and failure behavior.",An Adapter must not smuggle provider semantics into the canonical Capability definition.,,Approved,Book I Decisions 10 and 36,Book II Chapter 15,"Book III Chapters 3, 5, and 7",Direct source normalization,1.0,"A dependent artifact cites `HAL-TERM-0065` when it uses **Adapter** with this exact governed meaning: A component that translates between a Capability Contract and a provider-specific interface while preserving authority, semantics, evidence, and failure behavior.",A dependent artifact uses **Adapter** in a way that violates its required distinction: An Adapter must not smuggle provider semantics into the canonical Capability definition.,HAL-REL-0023,An Adapter must not smuggle provider semantics into the canonical Capability definition.,
HAL-TERM-0066,Capability Registry,6,Capability,Authoritative registry,"The governed catalog of Capabilities, versions, Providers, constraints, authority classes, health, and selection metadata.",Registration does not establish permission for use or trustworthiness in every domain.,,Approved,Book I Decisions 10 and 36,Book II Chapter 15,"Book III Chapters 3, 5, and 7",Direct source normalization,1.0,"A dependent artifact cites `HAL-TERM-0066` when it uses **Capability Registry** with this exact governed meaning: The governed catalog of Capabilities, versions, Providers, constraints, authority classes, health, and selection metadata.",A dependent artifact uses **Capability Registry** in a way that violates its required distinction: Registration does not establish permission for use or trustworthiness in every domain.,,Registration does not establish permission for use or trustworthiness in every domain.,
HAL-TERM-0067,Action,6,Action,State-changing attempt,A governed attempt to produce an effect in authoritative state or the external world.,A read-only Query is not an Action; an Action is not proof of successful effect.,,Approved,"Book I Decisions 16, 35, and 50",Book II Chapter 16,"Book III Chapters 3, 6, and 7",Direct source normalization,1.0,A dependent artifact cites `HAL-TERM-0067` when it uses **Action** with this exact governed meaning: A governed attempt to produce an effect in authoritative state or the external world.,A dependent artifact uses **Action** in a way that violates its required distinction: A read-only Query is not an Action; an Action is not proof of successful effect.,HAL-REL-0024,A read-only Query is not an Action; an Action is not proof of successful effect.,
HAL-TERM-0068,Attempt,6,Action,Execution instance,"One attributable execution effort for a Task, Action, or verification step with its own timing, context, result, and evidence.",A retry is a new Attempt even when it shares an idempotency key.,,Approved,"Book I Decisions 16, 35, and 50",Book II Chapter 16,"Book III Chapters 3, 6, and 7",Direct source normalization,1.0,"A dependent artifact cites `HAL-TERM-0068` when it uses **Attempt** with this exact governed meaning: One attributable execution effort for a Task, Action, or verification step with its own timing, context, result, and evidence.",A dependent artifact uses **Attempt** in a way that violates its required distinction: A retry is a new Attempt even when it shares an idempotency key.,,A retry is a new Attempt even when it shares an idempotency key.,
HAL-TERM-0069,Transaction,6,Action,Governed action lifecycle,"The durable coordination object for one or more Actions, including authorization, prepare, commit, result, evidence, rollback, and compensation states.",It is broader than a database transaction and must not imply atomic reversibility of external effects.,,Approved,"Book I Decisions 16, 35, and 50",Book II Chapter 16,"Book III Chapters 3, 6, and 7",Direct source normalization,1.0,"A dependent artifact cites `HAL-TERM-0069` when it uses **Transaction** with this exact governed meaning: The durable coordination object for one or more Actions, including authorization, prepare, commit, result, evidence, rollback, and compensation states.",A dependent artifact uses **Transaction** in a way that violates its required distinction: It is broader than a database transaction and must not imply atomic reversibility of external effects.,HAL-REL-0024,It is broader than a database transaction and must not imply atomic reversibility of external effects.,HAL-TRANS-0008; HAL-TRANS-0009; HAL-TRANS-0010; HAL-TRANS-0011; HAL-TRANS-0012; HAL-TRANS-0013
HAL-TERM-0070,Commit Barrier,6,Action,Irreversibility gate,The explicit governed point after which a proposed change may create authoritative or real-world effects that cannot be treated as merely simulated or prepared.,Passing a Commit Barrier requires the applicable authority and verification; preparation alone must not cross it.,,Approved,"Book I Decisions 16, 35, and 50",Book II Chapter 16,"Book III Chapters 3, 6, and 7",Direct source normalization,1.0,A dependent artifact cites `HAL-TERM-0070` when it uses **Commit Barrier** with this exact governed meaning: The explicit governed point after which a proposed change may create authoritative or real-world effects that cannot be treated as merely simulated or prepared.,A dependent artifact uses **Commit Barrier** in a way that violates its required distinction: Passing a Commit Barrier requires the applicable authority and verification; preparation alone must not cross it.,,Passing a Commit Barrier requires the applicable authority and verification; preparation alone must not cross it.,
HAL-TERM-0071,Rollback,6,Action,Reversal operation,A controlled restoration of a prior recoverable state when the relevant effects are truthfully reversible.,Rollback must not claim to erase external or human effects that already occurred.,,Approved,"Book I Decisions 16, 35, and 50",Book II Chapter 16,"Book III Chapters 3, 6, and 7",Direct source normalization,1.0,A dependent artifact cites `HAL-TERM-0071` when it uses **Rollback** with this exact governed meaning: A controlled restoration of a prior recoverable state when the relevant effects are truthfully reversible.,A dependent artifact uses **Rollback** in a way that violates its required distinction: Rollback must not claim to erase external or human effects that already occurred.,,Rollback must not claim to erase external or human effects that already occurred.,
HAL-TERM-0072,Compensation,6,Action,Remedial operation,"A new governed Action that mitigates, offsets, or repairs effects that cannot truthfully be undone.",Compensation is not Rollback and may require independent authority and evidence.,,Approved,"Book I Decisions 16, 35, and 50",Book II Chapter 16,"Book III Chapters 3, 6, and 7",Direct source normalization,1.0,"A dependent artifact cites `HAL-TERM-0072` when it uses **Compensation** with this exact governed meaning: A new governed Action that mitigates, offsets, or repairs effects that cannot truthfully be undone.",A dependent artifact uses **Compensation** in a way that violates its required distinction: Compensation is not Rollback and may require independent authority and evidence.,,Compensation is not Rollback and may require independent authority and evidence.,
HAL-TERM-0073,Reality Boundary,6,Action,Governed environment boundary,"The explicit separation among simulation, digital twin, shadow, test, canary, controlled-reality, production, recovery, and emergency contexts.","Non-reality authority, data, or effects must not leak across this boundary into reality.",,Approved,Book I Decision 50,Book II Chapter 17,"Book III Chapters 3, 6, and 7",Direct source normalization,1.0,"A dependent artifact cites `HAL-TERM-0073` when it uses **Reality Boundary** with this exact governed meaning: The explicit separation among simulation, digital twin, shadow, test, canary, controlled-reality, production, recovery, and emergency contexts.","A dependent artifact uses **Reality Boundary** in a way that violates its required distinction: Non-reality authority, data, or effects must not leak across this boundary into reality.",HAL-REL-0025,"Non-reality authority, data, or effects must not leak across this boundary into reality.",
HAL-TERM-0074,Simulation,6,Verification,Non-reality environment,An execution environment whose effects are confined to modeled or synthetic state and cannot directly alter production or external reality.,High apparent fidelity does not make a Simulation production.,,Approved,Book I Decision 50,Book II Chapter 17,"Book III Chapters 3, 6, and 7",Direct source normalization,1.0,A dependent artifact cites `HAL-TERM-0074` when it uses **Simulation** with this exact governed meaning: An execution environment whose effects are confined to modeled or synthetic state and cannot directly alter production or external reality.,A dependent artifact uses **Simulation** in a way that violates its required distinction: High apparent fidelity does not make a Simulation production.,,High apparent fidelity does not make a Simulation production.,
HAL-TERM-0075,Digital Twin,6,Verification,Modeled counterpart,"A governed model of selected real entities, relationships, state, and dynamics used to evaluate behavior without treating modeled effects as real effects.",A Digital Twin is bounded by declared fidelity and must not be mistaken for the represented reality.,,Approved,Book I Decision 50,Book II Chapter 17,"Book III Chapters 3, 6, and 7",Direct source normalization,1.0,"A dependent artifact cites `HAL-TERM-0075` when it uses **Digital Twin** with this exact governed meaning: A governed model of selected real entities, relationships, state, and dynamics used to evaluate behavior without treating modeled effects as real effects.",A dependent artifact uses **Digital Twin** in a way that violates its required distinction: A Digital Twin is bounded by declared fidelity and must not be mistaken for the represented reality.,,A Digital Twin is bounded by declared fidelity and must not be mistaken for the represented reality.,
HAL-TERM-0076,Shadow Execution,6,Verification,Non-committing execution mode,Execution using live or representative inputs while preventing proposed outputs from producing authoritative or external effects.,Shadow results do not authorize promotion without the required review and certification.,,Approved,Book I Decision 50,Book II Chapter 17,"Book III Chapters 3, 6, and 7",Direct source normalization,1.0,A dependent artifact cites `HAL-TERM-0076` when it uses **Shadow Execution** with this exact governed meaning: Execution using live or representative inputs while preventing proposed outputs from producing authoritative or external effects.,A dependent artifact uses **Shadow Execution** in a way that violates its required distinction: Shadow results do not authorize promotion without the required review and certification.,,Shadow results do not authorize promotion without the required review and certification.,
HAL-TERM-0077,Canary,6,Verification,Limited reality stage,A deliberately constrained real execution stage used to accumulate evidence before broader adoption.,"A Canary crosses the Reality Boundary and therefore requires real authority, containment, and rollback or compensation.",,Approved,Book I Decision 50,Book II Chapter 17,"Book III Chapters 3, 6, and 7",Direct source normalization,1.0,A dependent artifact cites `HAL-TERM-0077` when it uses **Canary** with this exact governed meaning: A deliberately constrained real execution stage used to accumulate evidence before broader adoption.,"A dependent artifact uses **Canary** in a way that violates its required distinction: A Canary crosses the Reality Boundary and therefore requires real authority, containment, and rollback or compensation.",HAL-REL-0025,"A Canary crosses the Reality Boundary and therefore requires real authority, containment, and rollback or compensation.",
HAL-TERM-0078,Evidence Candidate,7,Evidence,Pre-admission record,"An observation, telemetry item, document, Audit Record, claim, or other integrity-protected input proposed for admission as an Evidence Object.",It is not authoritative Evidence until accepted through the Evidence Service's governed admission and custody process.,,Approved,Book I Decision 26,Book II Chapters 18 and 25,"Book III Chapters 4, 5, 6, and 8",Direct source normalization,1.0,"A dependent artifact cites `HAL-TERM-0078` when it uses **Evidence Candidate** with this exact governed meaning: An observation, telemetry item, document, Audit Record, claim, or other integrity-protected input proposed for admission as an Evidence Object.",A dependent artifact uses **Evidence Candidate** in a way that violates its required distinction: It is not authoritative Evidence until accepted through the Evidence Service's governed admission and custody process.,HAL-REL-0026,It is not authoritative Evidence until accepted through the Evidence Service's governed admission and custody process.,HAL-TRANS-0014
HAL-TERM-0079,Evidence Object,7,Evidence,Immutable provenance-bearing record,"An immutable object admitted and governed by the authoritative Evidence Service that records provenance, custody, source identity, observation or claim content, time, signatures, verification state, confidence, domain, and expiration metadata.",An Evidence Object must not be mutated to revise a conclusion; later objects supersede or challenge it.,Evidence,Approved,Book I Decision 26,Book II Chapters 18 and 25,"Book III Chapters 4, 5, 6, and 8",Direct source normalization,1.0,"A dependent artifact cites `HAL-TERM-0079` when it uses **Evidence Object** with this exact governed meaning: An immutable object admitted and governed by the authoritative Evidence Service that records provenance, custody, source identity, observation or claim content, time, signatures, verification state, confidence, domain, and expiration metadata.",A dependent artifact uses **Evidence Object** in a way that violates its required distinction: An Evidence Object must not be mutated to revise a conclusion; later objects supersede or challenge it.,HAL-REL-0026; HAL-REL-0027; HAL-REL-0028; HAL-REL-0053,An Evidence Object must not be mutated to revise a conclusion; later objects supersede or challenge it.,
HAL-TERM-0080,Audit Record,7,Evidence,Protected accountability record,"An append-only record of a protected action, authorization, decision, access, or change owned by the applicable audit domain.",An Audit Record may produce an Evidence Candidate but is not automatically a general Evidence Object.,audit log entry,Approved,Book I Decision 26,Book II Chapters 18 and 25,"Book III Chapters 4, 5, 6, and 8",Direct source normalization,1.0,"A dependent artifact cites `HAL-TERM-0080` when it uses **Audit Record** with this exact governed meaning: An append-only record of a protected action, authorization, decision, access, or change owned by the applicable audit domain.",A dependent artifact uses **Audit Record** in a way that violates its required distinction: An Audit Record may produce an Evidence Candidate but is not automatically a general Evidence Object.,,An Audit Record may produce an Evidence Candidate but is not automatically a general Evidence Object.,
HAL-TERM-0081,Provenance,7,Evidence,Origin history,"The attributable origin, derivation, transformation, and custody history of an artifact, datum, claim, model, decision, or Evidence Object.",A source label without derivation and custody context is incomplete provenance.,,Approved,Book I Decision 26,Book II Chapters 18 and 25,"Book III Chapters 4, 5, 6, and 8",Direct source normalization,1.0,"A dependent artifact cites `HAL-TERM-0081` when it uses **Provenance** with this exact governed meaning: The attributable origin, derivation, transformation, and custody history of an artifact, datum, claim, model, decision, or Evidence Object.",A dependent artifact uses **Provenance** in a way that violates its required distinction: A source label without derivation and custody context is incomplete provenance.,,A source label without derivation and custody context is incomplete provenance.,
HAL-TERM-0082,Chain of Custody,7,Evidence,Integrity history,"The ordered, attributable record of possession, control, transfer, and integrity protection for evidence or sensitive artifacts.",It does not establish truth; it establishes accountable handling.,,Approved,Book I Decision 26,Book II Chapters 18 and 25,"Book III Chapters 4, 5, 6, and 8",Direct source normalization,1.0,"A dependent artifact cites `HAL-TERM-0082` when it uses **Chain of Custody** with this exact governed meaning: The ordered, attributable record of possession, control, transfer, and integrity protection for evidence or sensitive artifacts.",A dependent artifact uses **Chain of Custody** in a way that violates its required distinction: It does not establish truth; it establishes accountable handling.,,It does not establish truth; it establishes accountable handling.,
HAL-TERM-0083,Evidence Graph,7,Evidence,Evidence relationship model,"A graph connecting Claims, Evidence Objects, sources, derivations, supporting or opposing relations, confidence, and conclusions.",Graph connectivity does not make all linked material equally authoritative or trustworthy.,,Approved,Book I Decision 26,Book II Chapters 18 and 25,"Book III Chapters 4, 5, 6, and 8",Direct source normalization,1.0,"A dependent artifact cites `HAL-TERM-0083` when it uses **Evidence Graph** with this exact governed meaning: A graph connecting Claims, Evidence Objects, sources, derivations, supporting or opposing relations, confidence, and conclusions.",A dependent artifact uses **Evidence Graph** in a way that violates its required distinction: Graph connectivity does not make all linked material equally authoritative or trustworthy.,HAL-REL-0028,Graph connectivity does not make all linked material equally authoritative or trustworthy.,
HAL-TERM-0084,Verification,7,Verification,Evidence-producing evaluation,"A reproducible, risk-scaled process that evaluates a Claim, invariant, behavior, artifact, or Outcome against explicit criteria.",Verification produces evidence; it is not the same as certification or operational approval.,,Approved,"Book I Decisions 43, 50, and 56",Book II Chapters 17 and 35,"Book III Chapters 6, 8, and 9",Direct source normalization,1.0,"A dependent artifact cites `HAL-TERM-0084` when it uses **Verification** with this exact governed meaning: A reproducible, risk-scaled process that evaluates a Claim, invariant, behavior, artifact, or Outcome against explicit criteria.",A dependent artifact uses **Verification** in a way that violates its required distinction: Verification produces evidence; it is not the same as certification or operational approval.,HAL-REL-0029,Verification produces evidence; it is not the same as certification or operational approval.,
HAL-TERM-0085,Verification Plan,7,Verification,Planning record,"A governed specification of claims, risks, methods, environments, data, success criteria, independence, and required evidence for Verification.",A test list without mapped claims and criteria is not a complete Verification Plan.,,Approved,"Book I Decisions 43, 50, and 56",Book II Chapters 17 and 35,"Book III Chapters 6, 8, and 9",Direct source normalization,1.0,"A dependent artifact cites `HAL-TERM-0085` when it uses **Verification Plan** with this exact governed meaning: A governed specification of claims, risks, methods, environments, data, success criteria, independence, and required evidence for Verification.",A dependent artifact uses **Verification Plan** in a way that violates its required distinction: A test list without mapped claims and criteria is not a complete Verification Plan.,,A test list without mapped claims and criteria is not a complete Verification Plan.,
HAL-TERM-0086,Assurance Case,7,Verification,Structured argument,"A structured, reviewable argument connecting scoped claims to reasoning and sufficient supporting evidence.","An Assurance Case must expose assumptions, defeaters, uncertainty, and evidence gaps.",,Approved,"Book I Decisions 43, 50, and 56",Book II Chapters 17 and 35,"Book III Chapters 6, 8, and 9",Direct source normalization,1.0,"A dependent artifact cites `HAL-TERM-0086` when it uses **Assurance Case** with this exact governed meaning: A structured, reviewable argument connecting scoped claims to reasoning and sufficient supporting evidence.","A dependent artifact uses **Assurance Case** in a way that violates its required distinction: An Assurance Case must expose assumptions, defeaters, uncertainty, and evidence gaps.",HAL-REL-0030; HAL-REL-0031,"An Assurance Case must expose assumptions, defeaters, uncertainty, and evidence gaps.",
HAL-TERM-0087,Certification,7,Verification,Governed assurance decision,"A scoped, time-bounded, evidence-based determination by an authorized certifier that specified conformance claims are satisfied.","Certification is not permanent, universal, or self-issued by the artifact being certified.",,Approved,"Book I Decisions 43, 50, and 56",Book II Chapters 17 and 35,"Book III Chapters 6, 8, and 9",Direct source normalization,1.0,"A dependent artifact cites `HAL-TERM-0087` when it uses **Certification** with this exact governed meaning: A scoped, time-bounded, evidence-based determination by an authorized certifier that specified conformance claims are satisfied.","A dependent artifact uses **Certification** in a way that violates its required distinction: Certification is not permanent, universal, or self-issued by the artifact being certified.",HAL-REL-0031,"Certification is not permanent, universal, or self-issued by the artifact being certified.",HAL-TRANS-0015; HAL-TRANS-0016; HAL-TRANS-0017
HAL-TERM-0088,Conformance,7,Verification,Evaluated relation,The evidenced condition of satisfying identified requirements from identified authoritative sources within a declared scope and version.,"Conformance is never implied merely by compatibility, successful execution, or absence of known defects.",,Approved,"Book I Decisions 43, 50, and 56",Book II Chapters 17 and 35,"Book III Chapters 6, 8, and 9",Direct source normalization,1.0,A dependent artifact cites `HAL-TERM-0088` when it uses **Conformance** with this exact governed meaning: The evidenced condition of satisfying identified requirements from identified authoritative sources within a declared scope and version.,"A dependent artifact uses **Conformance** in a way that violates its required distinction: Conformance is never implied merely by compatibility, successful execution, or absence of known defects.",,"Conformance is never implied merely by compatibility, successful execution, or absence of known defects.",
HAL-TERM-0089,Confidence,7,Trust,Calibrated assessment,"A bounded assessment of support for a Claim or prediction, expressed with method, scope, evidence basis, uncertainty, and time sensitivity.",Confidence is not probability unless a defined model justifies that interpretation.,,Approved,"Book I Decisions 43, 50, and 56",Book II Chapters 17 and 35,"Book III Chapters 6, 8, and 9",Direct source normalization,1.0,"A dependent artifact cites `HAL-TERM-0089` when it uses **Confidence** with this exact governed meaning: A bounded assessment of support for a Claim or prediction, expressed with method, scope, evidence basis, uncertainty, and time sensitivity.",A dependent artifact uses **Confidence** in a way that violates its required distinction: Confidence is not probability unless a defined model justifies that interpretation.,,Confidence is not probability unless a defined model justifies that interpretation.,
HAL-TERM-0090,Experience,8,Knowledge,Retained occurrence record,"A governed representation of what HAL perceived, attempted, decided, experienced, and observed, with context, outcomes, provenance, and privacy controls.","Experience is not automatically Knowledge, a Pattern, or Wisdom.",,Approved,Book I Decisions 30 and 53,Book II Chapter 12,"Book III Chapters 4, 5, and 6",Direct source normalization,1.0,"A dependent artifact cites `HAL-TERM-0090` when it uses **Experience** with this exact governed meaning: A governed representation of what HAL perceived, attempted, decided, experienced, and observed, with context, outcomes, provenance, and privacy controls.","A dependent artifact uses **Experience** in a way that violates its required distinction: Experience is not automatically Knowledge, a Pattern, or Wisdom.",HAL-REL-0032; HAL-REL-0035,"Experience is not automatically Knowledge, a Pattern, or Wisdom.",
HAL-TERM-0091,Experience Ledger,8,Knowledge,Authoritative ledger,"The append-oriented governed store of Experience records and their provenance, correction, retention, and access metadata.",It is not a general-purpose mutable memory store.,,Approved,Book I Decisions 30 and 53,Book II Chapter 12,"Book III Chapters 4, 5, and 6",Direct source normalization,1.0,"A dependent artifact cites `HAL-TERM-0091` when it uses **Experience Ledger** with this exact governed meaning: The append-oriented governed store of Experience records and their provenance, correction, retention, and access metadata.",A dependent artifact uses **Experience Ledger** in a way that violates its required distinction: It is not a general-purpose mutable memory store.,HAL-REL-0032,It is not a general-purpose mutable memory store.,
HAL-TERM-0092,Memory,8,Knowledge,Retrievable retained representation,"A retained representation available for later contextual retrieval under authority, privacy, relevance, and lifecycle rules.",Memory is broader than Experience and is not necessarily authoritative Knowledge.,,Approved,Book I Decisions 30 and 53,Book II Chapter 12,"Book III Chapters 4, 5, and 6",Direct source normalization,1.0,"A dependent artifact cites `HAL-TERM-0092` when it uses **Memory** with this exact governed meaning: A retained representation available for later contextual retrieval under authority, privacy, relevance, and lifecycle rules.",A dependent artifact uses **Memory** in a way that violates its required distinction: Memory is broader than Experience and is not necessarily authoritative Knowledge.,HAL-REL-0033,Memory is broader than Experience and is not necessarily authoritative Knowledge.,
HAL-TERM-0093,Memory Graph,8,Knowledge,Associative representation,"A governed graph linking retained representations by context, entity, time, causation, similarity, and relevance.",Association must not be treated as proof of causation or truth.,,Approved,Book I Decisions 30 and 53,Book II Chapter 12,"Book III Chapters 4, 5, and 6",Direct source normalization,1.0,"A dependent artifact cites `HAL-TERM-0093` when it uses **Memory Graph** with this exact governed meaning: A governed graph linking retained representations by context, entity, time, causation, similarity, and relevance.",A dependent artifact uses **Memory Graph** in a way that violates its required distinction: Association must not be treated as proof of causation or truth.,HAL-REL-0033,Association must not be treated as proof of causation or truth.,
HAL-TERM-0094,Knowledge,8,Knowledge,Contextualized warranted representation,"A governed representation whose claims, provenance, validity scope, confidence, and supporting evidence are sufficient for its declared use.",Stored information or model output is not automatically Knowledge.,,Approved,Book I Decisions 30 and 52,Book II Chapter 10,"Book III Chapters 3, 4, and 6",Direct source normalization,1.0,"A dependent artifact cites `HAL-TERM-0094` when it uses **Knowledge** with this exact governed meaning: A governed representation whose claims, provenance, validity scope, confidence, and supporting evidence are sufficient for its declared use.",A dependent artifact uses **Knowledge** in a way that violates its required distinction: Stored information or model output is not automatically Knowledge.,HAL-REL-0034,Stored information or model output is not automatically Knowledge.,
HAL-TERM-0095,Knowledge Graph,8,Knowledge,Knowledge relationship model,"A governed graph of entities, concepts, relationships, Claims, sources, validity, and provenance used for contextual reasoning and retrieval.","Graph membership does not erase source authority, uncertainty, or temporal scope.",,Approved,Book I Decisions 30 and 52,Book II Chapter 10,"Book III Chapters 3, 4, and 6",Direct source normalization,1.0,"A dependent artifact cites `HAL-TERM-0095` when it uses **Knowledge Graph** with this exact governed meaning: A governed graph of entities, concepts, relationships, Claims, sources, validity, and provenance used for contextual reasoning and retrieval.","A dependent artifact uses **Knowledge Graph** in a way that violates its required distinction: Graph membership does not erase source authority, uncertainty, or temporal scope.",HAL-REL-0034,"Graph membership does not erase source authority, uncertainty, or temporal scope.",
HAL-TERM-0096,Pattern,8,Knowledge,Learned regularity,"A reproducibly supported regularity across Experiences or observations with stated domain, evidence, confidence, limits, and exceptions.",A repeated coincidence or one-off anecdote is not a Pattern.,,Approved,Book I Decisions 31 and 53,Book II Chapter 11,"Book III Chapters 4, 6, and 8",Direct source normalization,1.0,"A dependent artifact cites `HAL-TERM-0096` when it uses **Pattern** with this exact governed meaning: A reproducibly supported regularity across Experiences or observations with stated domain, evidence, confidence, limits, and exceptions.",A dependent artifact uses **Pattern** in a way that violates its required distinction: A repeated coincidence or one-off anecdote is not a Pattern.,HAL-REL-0035,A repeated coincidence or one-off anecdote is not a Pattern.,
HAL-TERM-0097,Learning,8,Knowledge,Governed update process,"The evidence-bounded process by which HAL updates representations, Patterns, policies, or behavior within authorized scope.","Learning must not silently alter constitutional meaning, authority, or protected production behavior.",,Approved,Book I Decisions 31 and 53,Book II Chapter 11,"Book III Chapters 4, 6, and 8",Direct source normalization,1.0,"A dependent artifact cites `HAL-TERM-0097` when it uses **Learning** with this exact governed meaning: The evidence-bounded process by which HAL updates representations, Patterns, policies, or behavior within authorized scope.","A dependent artifact uses **Learning** in a way that violates its required distinction: Learning must not silently alter constitutional meaning, authority, or protected production behavior.",,"Learning must not silently alter constitutional meaning, authority, or protected production behavior.",
HAL-TERM-0098,Learning Ledger,8,Knowledge,Change ledger,"The governed record of learning proposals, evidence, evaluation, approval, applied changes, monitoring, rollback, and outcomes.",It is not permission for unrestricted self-modification.,,Approved,Book I Decisions 31 and 53,Book II Chapter 11,"Book III Chapters 4, 6, and 8",Direct source normalization,1.0,"A dependent artifact cites `HAL-TERM-0098` when it uses **Learning Ledger** with this exact governed meaning: The governed record of learning proposals, evidence, evaluation, approval, applied changes, monitoring, rollback, and outcomes.",A dependent artifact uses **Learning Ledger** in a way that violates its required distinction: It is not permission for unrestricted self-modification.,,It is not permission for unrestricted self-modification.,
HAL-TERM-0099,Wisdom,8,Knowledge,Evidence-bounded judgment resource,"A durable, revisable synthesis of Experience, Patterns, values, consequences, uncertainty, and restraint used to inform Judgment.",Wisdom informs decisions but does not create authority or replace current evidence.,,Approved,Book I Decisions 31 and 53,Book II Chapter 11,"Book III Chapters 4, 6, and 8",Direct source normalization,1.0,"A dependent artifact cites `HAL-TERM-0099` when it uses **Wisdom** with this exact governed meaning: A durable, revisable synthesis of Experience, Patterns, values, consequences, uncertainty, and restraint used to inform Judgment.",A dependent artifact uses **Wisdom** in a way that violates its required distinction: Wisdom informs decisions but does not create authority or replace current evidence.,HAL-REL-0036,Wisdom informs decisions but does not create authority or replace current evidence.,
HAL-TERM-0100,Self Model,8,Knowledge,Governed self-representation,"HAL's evidence-linked representation of its current capabilities, limits, state, dependencies, uncertainty, and identity continuity.",It is descriptive and must not become a self-authorizing source.,,Approved,Book I Decisions 28 and 51,Book II Chapter 30,Book III Chapters 4 and 8,Direct source normalization,1.0,"A dependent artifact cites `HAL-TERM-0100` when it uses **Self Model** with this exact governed meaning: HAL's evidence-linked representation of its current capabilities, limits, state, dependencies, uncertainty, and identity continuity.",A dependent artifact uses **Self Model** in a way that violates its required distinction: It is descriptive and must not become a self-authorizing source.,,It is descriptive and must not become a self-authorizing source.,
HAL-TERM-0101,Command,9,Distributed systems,Intent message,"A request addressed to an authoritative owner to evaluate and, if allowed, perform a state-changing operation.","A Command is not evidence that the operation was authorized, committed, or completed.",,Approved,"Book I Decisions 22, 29, and 40",Book II Chapters 22 and 23,"Book III Chapters 3, 4, and 6",Direct source normalization,1.0,"A dependent artifact cites `HAL-TERM-0101` when it uses **Command** with this exact governed meaning: A request addressed to an authoritative owner to evaluate and, if allowed, perform a state-changing operation.","A dependent artifact uses **Command** in a way that violates its required distinction: A Command is not evidence that the operation was authorized, committed, or completed.",HAL-REL-0037; HAL-REL-0040,"A Command is not evidence that the operation was authorized, committed, or completed.",
HAL-TERM-0102,Query,9,Distributed systems,Read request,A request for information that must not intentionally mutate authoritative state or external reality.,Telemetry side effects must remain non-authoritative and must not turn a Query into a hidden Command.,,Approved,"Book I Decisions 22, 29, and 40",Book II Chapters 22 and 23,"Book III Chapters 3, 4, and 6",Direct source normalization,1.0,A dependent artifact cites `HAL-TERM-0102` when it uses **Query** with this exact governed meaning: A request for information that must not intentionally mutate authoritative state or external reality.,A dependent artifact uses **Query** in a way that violates its required distinction: Telemetry side effects must remain non-authoritative and must not turn a Query into a hidden Command.,,Telemetry side effects must remain non-authoritative and must not turn a Query into a hidden Command.,
HAL-TERM-0103,Event,9,Distributed systems,Completed-fact record,An immutable message stating that a defined fact or state transition has completed in its owning domain.,"An Event is not a request, intention, or mutable current-state record.",,Approved,"Book I Decisions 22, 29, and 40",Book II Chapters 22 and 23,"Book III Chapters 3, 4, and 6",Direct source normalization,1.0,A dependent artifact cites `HAL-TERM-0103` when it uses **Event** with this exact governed meaning: An immutable message stating that a defined fact or state transition has completed in its owning domain.,"A dependent artifact uses **Event** in a way that violates its required distinction: An Event is not a request, intention, or mutable current-state record.",HAL-REL-0037; HAL-REL-0039,"An Event is not a request, intention, or mutable current-state record.",
HAL-TERM-0104,Event Journal,9,Distributed systems,Durable event store,"The ordered durable record of Events for an owning domain, with identity, sequence, provenance, and integrity controls.",Global total order must not be inferred when only per-stream ordering exists.,,Approved,"Book I Decisions 22, 29, and 40",Book II Chapters 22 and 23,"Book III Chapters 3, 4, and 6",Direct source normalization,1.0,"A dependent artifact cites `HAL-TERM-0104` when it uses **Event Journal** with this exact governed meaning: The ordered durable record of Events for an owning domain, with identity, sequence, provenance, and integrity controls.",A dependent artifact uses **Event Journal** in a way that violates its required distinction: Global total order must not be inferred when only per-stream ordering exists.,HAL-REL-0038,Global total order must not be inferred when only per-stream ordering exists.,
HAL-TERM-0105,Message Envelope,9,Distributed systems,Transport record,"The governed wrapper carrying message identity, schema version, source, destination, time, correlation, causation, authority context, classification, and integrity metadata.",The envelope does not change the semantic type of its payload.,,Approved,"Book I Decisions 22, 29, and 40",Book II Chapters 22 and 23,"Book III Chapters 3, 4, and 6",Direct source normalization,1.0,"A dependent artifact cites `HAL-TERM-0105` when it uses **Message Envelope** with this exact governed meaning: The governed wrapper carrying message identity, schema version, source, destination, time, correlation, causation, authority context, classification, and integrity metadata.",A dependent artifact uses **Message Envelope** in a way that violates its required distinction: The envelope does not change the semantic type of its payload.,HAL-REL-0040,The envelope does not change the semantic type of its payload.,
HAL-TERM-0106,Idempotency Key,9,Distributed systems,Deduplication value,A scoped stable value allowing a receiver to recognize equivalent retry Attempts for one declared operation and result horizon.,It does not make non-idempotent external effects reversible or globally exactly-once.,,Approved,"Book I Decisions 22, 29, and 40",Book II Chapters 22 and 23,"Book III Chapters 3, 4, and 6",Direct source normalization,1.0,A dependent artifact cites `HAL-TERM-0106` when it uses **Idempotency Key** with this exact governed meaning: A scoped stable value allowing a receiver to recognize equivalent retry Attempts for one declared operation and result horizon.,A dependent artifact uses **Idempotency Key** in a way that violates its required distinction: It does not make non-idempotent external effects reversible or globally exactly-once.,,It does not make non-idempotent external effects reversible or globally exactly-once.,
HAL-TERM-0107,Correlation Identifier,9,Distributed systems,Trace reference,"A value linking related work, messages, evidence, and telemetry across a bounded flow.",Correlation does not prove causation.,correlation ID,Approved,"Book I Decisions 22, 29, and 40",Book II Chapters 22 and 23,"Book III Chapters 3, 4, and 6",Direct source normalization,1.0,"A dependent artifact cites `HAL-TERM-0107` when it uses **Correlation Identifier** with this exact governed meaning: A value linking related work, messages, evidence, and telemetry across a bounded flow.",A dependent artifact uses **Correlation Identifier** in a way that violates its required distinction: Correlation does not prove causation.,,Correlation does not prove causation.,
HAL-TERM-0108,Causation Identifier,9,Distributed systems,Causal reference,"A value identifying the immediate initiating message, decision, or event for a derived operation.",It records declared lineage and must not be used as sole proof of real-world causality.,causation ID,Approved,"Book I Decisions 22, 29, and 40",Book II Chapters 22 and 23,"Book III Chapters 3, 4, and 6",Direct source normalization,1.0,"A dependent artifact cites `HAL-TERM-0108` when it uses **Causation Identifier** with this exact governed meaning: A value identifying the immediate initiating message, decision, or event for a derived operation.",A dependent artifact uses **Causation Identifier** in a way that violates its required distinction: It records declared lineage and must not be used as sole proof of real-world causality.,,It records declared lineage and must not be used as sole proof of real-world causality.,
HAL-TERM-0109,Authoritative State,9,Distributed systems,Owned state,State whose mutation and truth are governed by the designated owning domain.,"A cache, replica, projection, search index, or local aggregate is not authoritative unless explicitly designated.",,Approved,"Book I Decisions 4, 22, 35, 38, and 40",Book II Chapters 23 and 24,"Book III Chapters 3, 4, and 7",Direct source normalization,1.0,A dependent artifact cites `HAL-TERM-0109` when it uses **Authoritative State** with this exact governed meaning: State whose mutation and truth are governed by the designated owning domain.,"A dependent artifact uses **Authoritative State** in a way that violates its required distinction: A cache, replica, projection, search index, or local aggregate is not authoritative unless explicitly designated.",,"A cache, replica, projection, search index, or local aggregate is not authoritative unless explicitly designated.",
HAL-TERM-0110,Projection,9,Distributed systems,Derived state,A read-optimized representation derived from authoritative records or Events for a declared purpose.,A Projection may be stale and must not silently accept authoritative mutations.,read model,Approved,"Book I Decisions 4, 22, 35, 38, and 40",Book II Chapters 23 and 24,"Book III Chapters 3, 4, and 7",Direct source normalization,1.0,A dependent artifact cites `HAL-TERM-0110` when it uses **Projection** with this exact governed meaning: A read-optimized representation derived from authoritative records or Events for a declared purpose.,A dependent artifact uses **Projection** in a way that violates its required distinction: A Projection may be stale and must not silently accept authoritative mutations.,HAL-REL-0038,A Projection may be stale and must not silently accept authoritative mutations.,
HAL-TERM-0111,Cache,9,Distributed systems,Disposable derived state,A replaceable performance-oriented copy whose loss does not destroy authoritative truth.,A Cache must not become the only copy of required state or evidence.,,Approved,"Book I Decisions 4, 22, 35, 38, and 40",Book II Chapters 23 and 24,"Book III Chapters 3, 4, and 7",Direct source normalization,1.0,A dependent artifact cites `HAL-TERM-0111` when it uses **Cache** with this exact governed meaning: A replaceable performance-oriented copy whose loss does not destroy authoritative truth.,A dependent artifact uses **Cache** in a way that violates its required distinction: A Cache must not become the only copy of required state or evidence.,,A Cache must not become the only copy of required state or evidence.,
HAL-TERM-0112,Replica,9,Distributed systems,Replicated state,"A governed copy maintained from an authoritative source under declared consistency, lag, and failover rules.",Replication alone does not transfer semantic ownership.,,Approved,"Book I Decisions 4, 22, 35, 38, and 40",Book II Chapters 23 and 24,"Book III Chapters 3, 4, and 7",Direct source normalization,1.0,"A dependent artifact cites `HAL-TERM-0112` when it uses **Replica** with this exact governed meaning: A governed copy maintained from an authoritative source under declared consistency, lag, and failover rules.",A dependent artifact uses **Replica** in a way that violates its required distinction: Replication alone does not transfer semantic ownership.,,Replication alone does not transfer semantic ownership.,
HAL-TERM-0113,Transactional Outbox,9,Distributed systems,Publication pattern,A durable pattern that records an authoritative state change and its pending Event publication in one local commit boundary.,It reduces dual-write failure but does not guarantee global exactly-once processing.,outbox,Approved,"Book I Decisions 4, 22, 35, 38, and 40",Book II Chapters 23 and 24,"Book III Chapters 3, 4, and 7",Direct source normalization,1.0,A dependent artifact cites `HAL-TERM-0113` when it uses **Transactional Outbox** with this exact governed meaning: A durable pattern that records an authoritative state change and its pending Event publication in one local commit boundary.,A dependent artifact uses **Transactional Outbox** in a way that violates its required distinction: It reduces dual-write failure but does not guarantee global exactly-once processing.,HAL-REL-0039,It reduces dual-write failure but does not guarantee global exactly-once processing.,
HAL-TERM-0114,Logical Time,9,Temporal,Ordering construct,A non-wall-clock ordering value used to represent causal or domain sequence relationships.,Logical Time must not be presented as real elapsed or calendar time.,,Approved,Book I Decision 44,Book II Chapter 13,"Book III Chapters 3, 4, and 6",Direct source normalization,1.0,A dependent artifact cites `HAL-TERM-0114` when it uses **Logical Time** with this exact governed meaning: A non-wall-clock ordering value used to represent causal or domain sequence relationships.,A dependent artifact uses **Logical Time** in a way that violates its required distinction: Logical Time must not be presented as real elapsed or calendar time.,,Logical Time must not be presented as real elapsed or calendar time.,
HAL-TERM-0115,Wall-Clock Time,9,Temporal,Temporal observation,"A timestamp from a declared clock source, precision, and synchronization context.",Wall-Clock Time alone must not establish distributed causal order.,,Approved,Book I Decision 44,Book II Chapter 13,"Book III Chapters 3, 4, and 6",Direct source normalization,1.0,"A dependent artifact cites `HAL-TERM-0115` when it uses **Wall-Clock Time** with this exact governed meaning: A timestamp from a declared clock source, precision, and synchronization context.",A dependent artifact uses **Wall-Clock Time** in a way that violates its required distinction: Wall-Clock Time alone must not establish distributed causal order.,,Wall-Clock Time alone must not establish distributed causal order.,
HAL-TERM-0116,External Trust Domain,10,Trust,External governance domain,"An external environment, organization, system, or authority regime whose controls and assumptions are not natively governed by HAL.",External status does not imply hostility or trustworthiness; exchange requires explicit governance.,ETD,Approved,Book I Decision 49,Book II Chapters 20 and 21,Book III Chapter 5,Direct source normalization,1.0,"A dependent artifact cites `HAL-TERM-0116` when it uses **External Trust Domain** with this exact governed meaning: An external environment, organization, system, or authority regime whose controls and assumptions are not natively governed by HAL.",A dependent artifact uses **External Trust Domain** in a way that violates its required distinction: External status does not imply hostility or trustworthiness; exchange requires explicit governance.,HAL-REL-0041; HAL-REL-0050,External status does not imply hostility or trustworthiness; exchange requires explicit governance.,
HAL-TERM-0117,Treaty,10,Trust,Governed trust agreement,"An exact, scoped, time-bounded, revocable, auditable, and explicitly Owner-authorized agreement defining allowed cross-domain identities, data, capabilities, authority, obligations, verification, monitoring, failure behavior, and termination.","Activation requires the Owner Authorization Ceremony bound to the exact Treaty. Conversation, delegated ordinary authority, trust, usefulness, prior access, or the Treaty itself cannot grant authority prohibited by Book I or bypass the Constitutional Firewall.",External Trust Treaty,Approved,Book I Decision 49,Book II Chapter 21,Book III Chapters 5 and 7,Direct source normalization,1.0,"A dependent artifact cites `HAL-TERM-0117` when it uses **Treaty** with this exact governed meaning: An exact, scoped, time-bounded, revocable, auditable, and explicitly Owner-authorized agreement defining allowed cross-domain identities, data, capabilities, authority, obligations, verification, monitoring, failure behavior, and termination.","A dependent artifact uses **Treaty** in a way that violates its required distinction: Activation requires the Owner Authorization Ceremony bound to the exact Treaty. Conversation, delegated ordinary authority, trust, usefulness, prior access, or the Treaty itself cannot grant authority prohibited by Book I or bypass the Constitutional Firewall.",HAL-REL-0041; HAL-REL-0042,"Activation requires the Owner Authorization Ceremony bound to the exact Treaty. Conversation, delegated ordinary authority, trust, usefulness, prior access, or the Treaty itself cannot grant authority prohibited by Book I or bypass the Constitutional Firewall.",HAL-TRANS-0018; HAL-TRANS-0019; HAL-TRANS-0020
HAL-TERM-0118,Constitutional Firewall,10,Trust,Architectural enforcement boundary,The Book II boundary that mediates and enforces constitutionally governed exchange between HAL and External Trust Domains.,It is not merely a network firewall and must not be bypassed by direct integration.,CF,Approved,Book I Decision 49,Book II Chapter 20,Book III Chapter 5,Direct source normalization,1.0,A dependent artifact cites `HAL-TERM-0118` when it uses **Constitutional Firewall** with this exact governed meaning: The Book II boundary that mediates and enforces constitutionally governed exchange between HAL and External Trust Domains.,A dependent artifact uses **Constitutional Firewall** in a way that violates its required distinction: It is not merely a network firewall and must not be bypassed by direct integration.,HAL-REL-0042,It is not merely a network firewall and must not be bypassed by direct integration.,
HAL-TERM-0119,Trust Boundary,10,Security,Security boundary,"A boundary across which identity, authority, integrity, confidentiality, provenance, or governance assumptions change.",Network adjacency alone does not define or erase a Trust Boundary.,,Approved,"Book I Decisions 26, 27, 32, 37, 39, 48, and 49","Book II Chapters 18, 19, 20, 21, 25, and 26","Book III Chapters 2, 4, 5, 6, and 7",Direct source normalization,1.0,"A dependent artifact cites `HAL-TERM-0119` when it uses **Trust Boundary** with this exact governed meaning: A boundary across which identity, authority, integrity, confidentiality, provenance, or governance assumptions change.",A dependent artifact uses **Trust Boundary** in a way that violates its required distinction: Network adjacency alone does not define or erase a Trust Boundary.,,Network adjacency alone does not define or erase a Trust Boundary.,
HAL-TERM-0120,Data Classification,10,Privacy,Governance label,"A governed label determining handling, access, transmission, retention, evidence, and disposal requirements for information.",Classification is not a purpose or permission to use the data.,,Approved,Book I Decision 32,Book II Chapter 19,Book III Chapters 4 and 5,Direct source normalization,1.0,"A dependent artifact cites `HAL-TERM-0120` when it uses **Data Classification** with this exact governed meaning: A governed label determining handling, access, transmission, retention, evidence, and disposal requirements for information.",A dependent artifact uses **Data Classification** in a way that violates its required distinction: Classification is not a purpose or permission to use the data.,HAL-REL-0043,Classification is not a purpose or permission to use the data.,
HAL-TERM-0121,Personal Data,10,Privacy,Information class,Information relating to an identified or reasonably identifiable human under the governing privacy context.,Pseudonymization may reduce exposure but does not necessarily remove personal-data status.,,Approved,Book I Decision 32,Book II Chapter 19,Book III Chapters 4 and 5,Direct source normalization,1.0,A dependent artifact cites `HAL-TERM-0121` when it uses **Personal Data** with this exact governed meaning: Information relating to an identified or reasonably identifiable human under the governing privacy context.,A dependent artifact uses **Personal Data** in a way that violates its required distinction: Pseudonymization may reduce exposure but does not necessarily remove personal-data status.,,Pseudonymization may reduce exposure but does not necessarily remove personal-data status.,
HAL-TERM-0122,Sensitive Data,10,Privacy,Information class,"Information whose unauthorized use or disclosure could materially harm a person, HAL, the Owner, security, sovereignty, trust, or protected operations.",Sensitivity is context-dependent and may include non-personal operational data.,,Approved,Book I Decision 32,Book II Chapter 19,Book III Chapters 4 and 5,Direct source normalization,1.0,"A dependent artifact cites `HAL-TERM-0122` when it uses **Sensitive Data** with this exact governed meaning: Information whose unauthorized use or disclosure could materially harm a person, HAL, the Owner, security, sovereignty, trust, or protected operations.",A dependent artifact uses **Sensitive Data** in a way that violates its required distinction: Sensitivity is context-dependent and may include non-personal operational data.,,Sensitivity is context-dependent and may include non-personal operational data.,
HAL-TERM-0123,Purpose Limitation,10,Privacy,Use constraint,"The rule that governed data may be collected, used, shared, and retained only for declared, authorized, compatible purposes.",Availability or technical usefulness does not establish purpose.,,Approved,Book I Decision 32,Book II Chapter 19,Book III Chapters 4 and 5,Direct source normalization,1.0,"A dependent artifact cites `HAL-TERM-0123` when it uses **Purpose Limitation** with this exact governed meaning: The rule that governed data may be collected, used, shared, and retained only for declared, authorized, compatible purposes.",A dependent artifact uses **Purpose Limitation** in a way that violates its required distinction: Availability or technical usefulness does not establish purpose.,,Availability or technical usefulness does not establish purpose.,
HAL-TERM-0124,Data Minimization,10,Privacy,Collection and use constraint,"The rule that only the least data reasonably necessary for an authorized purpose may be collected, processed, retained, and disclosed.","Minimization applies to fields, precision, population, duration, access, and derived inferences.",,Approved,Book I Decision 32,Book II Chapter 19,Book III Chapters 4 and 5,Direct source normalization,1.0,"A dependent artifact cites `HAL-TERM-0124` when it uses **Data Minimization** with this exact governed meaning: The rule that only the least data reasonably necessary for an authorized purpose may be collected, processed, retained, and disclosed.","A dependent artifact uses **Data Minimization** in a way that violates its required distinction: Minimization applies to fields, precision, population, duration, access, and derived inferences.",,"Minimization applies to fields, precision, population, duration, access, and derived inferences.",
HAL-TERM-0125,Retention Class,10,Privacy,Lifecycle label,"A governed category defining retention period, review, legal or constitutional hold behavior, archival, and disposal requirements.",A Retention Class does not itself authorize collection or access.,,Approved,Book I Decision 32,Book II Chapter 19,Book III Chapters 4 and 5,Direct source normalization,1.0,"A dependent artifact cites `HAL-TERM-0125` when it uses **Retention Class** with this exact governed meaning: A governed category defining retention period, review, legal or constitutional hold behavior, archival, and disposal requirements.",A dependent artifact uses **Retention Class** in a way that violates its required distinction: A Retention Class does not itself authorize collection or access.,HAL-REL-0043,A Retention Class does not itself authorize collection or access.,
HAL-TERM-0126,Secret,10,Security,Sensitive authentication material,"Confidential material whose disclosure could enable unauthorized access, impersonation, decryption, signing, or protected operation.",An Identifier or public key is not a Secret merely because it is security-related.,,Approved,"Book I Decisions 27, 37, and 39","Book II Chapters 05, 19, and 26",Book III Chapters 2 and 5,Direct source normalization,1.0,"A dependent artifact cites `HAL-TERM-0126` when it uses **Secret** with this exact governed meaning: Confidential material whose disclosure could enable unauthorized access, impersonation, decryption, signing, or protected operation.",A dependent artifact uses **Secret** in a way that violates its required distinction: An Identifier or public key is not a Secret merely because it is security-related.,,An Identifier or public key is not a Secret merely because it is security-related.,
HAL-TERM-0127,Cryptographic Key,10,Security,Cryptographic material,"A governed value used by an approved cryptographic operation and managed through generation, storage, access, rotation, revocation, destruction, and provenance controls.",A key's possession does not itself establish business Authority.,,Approved,"Book I Decisions 27, 37, and 39","Book II Chapters 05, 19, and 26",Book III Chapters 2 and 5,Direct source normalization,1.0,"A dependent artifact cites `HAL-TERM-0127` when it uses **Cryptographic Key** with this exact governed meaning: A governed value used by an approved cryptographic operation and managed through generation, storage, access, rotation, revocation, destruction, and provenance controls.",A dependent artifact uses **Cryptographic Key** in a way that violates its required distinction: A key's possession does not itself establish business Authority.,,A key's possession does not itself establish business Authority.,
HAL-TERM-0128,Security Control,10,Security,Protective control,"A safeguard intended to protect confidentiality, integrity, availability, identity assurance, or system resilience.",A Security Control protecting HAL is distinct from an Authority Control preventing HAL from exceeding its mandate.,,Approved,"Book I Decisions 27, 37, and 39","Book II Chapters 05, 19, and 26",Book III Chapters 2 and 5,Direct source normalization,1.0,"A dependent artifact cites `HAL-TERM-0128` when it uses **Security Control** with this exact governed meaning: A safeguard intended to protect confidentiality, integrity, availability, identity assurance, or system resilience.",A dependent artifact uses **Security Control** in a way that violates its required distinction: A Security Control protecting HAL is distinct from an Authority Control preventing HAL from exceeding its mandate.,,A Security Control protecting HAL is distinct from an Authority Control preventing HAL from exceeding its mandate.,
HAL-TERM-0129,Authority Control,10,Authority,Mandate-limiting control,"A safeguard that prevents a Principal, component, or HAL from deciding or acting beyond governed Authority.","It is not interchangeable with a Security Control, though one mechanism may support both.",,Approved,"Book I Decisions 27, 37, and 39","Book II Chapters 05, 19, and 26",Book III Chapters 2 and 5,Direct source normalization,1.0,"A dependent artifact cites `HAL-TERM-0129` when it uses **Authority Control** with this exact governed meaning: A safeguard that prevents a Principal, component, or HAL from deciding or acting beyond governed Authority.","A dependent artifact uses **Authority Control** in a way that violates its required distinction: It is not interchangeable with a Security Control, though one mechanism may support both.",,"It is not interchangeable with a Security Control, though one mechanism may support both.",
HAL-TERM-0130,Runtime,11,Operations,Execution environment,"The governed combination of processes, state, resources, policies, dependencies, and environments in which HAL behavior executes.",A Runtime is not HAL's constitutional identity.,,Approved,"Book I Decisions 29, 38, 42, 47, and 51","Book II Chapters 02, 27, 28, 33, and 34","Book III Chapters 3, 4, 6, and 7",Direct source normalization,1.0,"A dependent artifact cites `HAL-TERM-0130` when it uses **Runtime** with this exact governed meaning: The governed combination of processes, state, resources, policies, dependencies, and environments in which HAL behavior executes.",A dependent artifact uses **Runtime** in a way that violates its required distinction: A Runtime is not HAL's constitutional identity.,,A Runtime is not HAL's constitutional identity.,
HAL-TERM-0131,Node,11,Operations,Execution entity,"A governed compute or device participant capable of hosting workload, state, sensing, or action under the runtime architecture.",A Node does not independently become HAL or own authoritative state without explicit designation.,,Approved,"Book I Decisions 29, 38, 42, 47, and 51","Book II Chapters 02, 27, 28, 33, and 34","Book III Chapters 3, 4, 6, and 7",Direct source normalization,1.0,"A dependent artifact cites `HAL-TERM-0131` when it uses **Node** with this exact governed meaning: A governed compute or device participant capable of hosting workload, state, sensing, or action under the runtime architecture.",A dependent artifact uses **Node** in a way that violates its required distinction: A Node does not independently become HAL or own authoritative state without explicit designation.,,A Node does not independently become HAL or own authoritative state without explicit designation.,
HAL-TERM-0132,Service,11,Operations,Component deployment role,A deployable runtime boundary providing one or more governed responsibilities or interfaces.,"A Service is not automatically an architectural component, capability, or authority domain.",,Approved,"Book I Decisions 29, 38, 42, 47, and 51","Book II Chapters 02, 27, 28, 33, and 34","Book III Chapters 3, 4, 6, and 7",Direct source normalization,1.0,A dependent artifact cites `HAL-TERM-0132` when it uses **Service** with this exact governed meaning: A deployable runtime boundary providing one or more governed responsibilities or interfaces.,"A dependent artifact uses **Service** in a way that violates its required distinction: A Service is not automatically an architectural component, capability, or authority domain.",HAL-REL-0044,"A Service is not automatically an architectural component, capability, or authority domain.",HAL-TRANS-0021; HAL-TRANS-0022; HAL-TRANS-0023; HAL-TRANS-0024
HAL-TERM-0133,Supervisor,11,Operations,Runtime control role,"A component that monitors and governs workload lifecycle, desired state, health, restart, containment, and escalation within its authority.",A Supervisor must not conceal repeated failure through unlimited restart loops.,,Approved,"Book I Decisions 29, 38, 42, 47, and 51","Book II Chapters 02, 27, 28, 33, and 34","Book III Chapters 3, 4, 6, and 7",Direct source normalization,1.0,"A dependent artifact cites `HAL-TERM-0133` when it uses **Supervisor** with this exact governed meaning: A component that monitors and governs workload lifecycle, desired state, health, restart, containment, and escalation within its authority.",A dependent artifact uses **Supervisor** in a way that violates its required distinction: A Supervisor must not conceal repeated failure through unlimited restart loops.,HAL-REL-0044,A Supervisor must not conceal repeated failure through unlimited restart loops.,
HAL-TERM-0134,Desired State,11,Operations,Control target,The governed runtime condition an authorized controller intends the system to maintain.,Desired State is not proof of Observed State or successful convergence.,,Approved,"Book I Decisions 29, 38, 42, 47, and 51","Book II Chapters 02, 27, 28, 33, and 34","Book III Chapters 3, 4, 6, and 7",Direct source normalization,1.0,A dependent artifact cites `HAL-TERM-0134` when it uses **Desired State** with this exact governed meaning: The governed runtime condition an authorized controller intends the system to maintain.,A dependent artifact uses **Desired State** in a way that violates its required distinction: Desired State is not proof of Observed State or successful convergence.,HAL-REL-0046,Desired State is not proof of Observed State or successful convergence.,
HAL-TERM-0135,Observed State,11,Operations,Runtime observation,The evidenced runtime condition measured at a defined time and scope.,"Observation may be stale, partial, or uncertain and must not be treated as Desired State.",,Approved,"Book I Decisions 29, 38, 42, 47, and 51","Book II Chapters 02, 27, 28, 33, and 34","Book III Chapters 3, 4, 6, and 7",Direct source normalization,1.0,A dependent artifact cites `HAL-TERM-0135` when it uses **Observed State** with this exact governed meaning: The evidenced runtime condition measured at a defined time and scope.,"A dependent artifact uses **Observed State** in a way that violates its required distinction: Observation may be stale, partial, or uncertain and must not be treated as Desired State.",,"Observation may be stale, partial, or uncertain and must not be treated as Desired State.",
HAL-TERM-0136,Health,11,Operations,Operational assessment,A multidimensional assessment of a component's ability to perform its declared responsibilities within current constraints.,Process liveness alone is not Health.,,Approved,"Book I Decisions 29, 38, 42, 47, and 51","Book II Chapters 02, 27, 28, 33, and 34","Book III Chapters 3, 4, 6, and 7",Direct source normalization,1.0,A dependent artifact cites `HAL-TERM-0136` when it uses **Health** with this exact governed meaning: A multidimensional assessment of a component's ability to perform its declared responsibilities within current constraints.,A dependent artifact uses **Health** in a way that violates its required distinction: Process liveness alone is not Health.,,Process liveness alone is not Health.,
HAL-TERM-0137,Liveness,11,Operations,Runtime signal,Evidence that a workload is running or able to make progress according to a narrow declared probe.,"Liveness does not establish readiness, correctness, authorization, or safety.",,Approved,"Book I Decisions 29, 38, 42, 47, and 51","Book II Chapters 02, 27, 28, 33, and 34","Book III Chapters 3, 4, 6, and 7",Direct source normalization,1.0,A dependent artifact cites `HAL-TERM-0137` when it uses **Liveness** with this exact governed meaning: Evidence that a workload is running or able to make progress according to a narrow declared probe.,"A dependent artifact uses **Liveness** in a way that violates its required distinction: Liveness does not establish readiness, correctness, authorization, or safety.",,"Liveness does not establish readiness, correctness, authorization, or safety.",
HAL-TERM-0138,Readiness,11,Operations,Admission signal,"Evidence that a workload may receive its declared class of work under current dependencies, configuration, and safety conditions.",Readiness is scoped and must not be inferred from Liveness.,,Approved,"Book I Decisions 29, 38, 42, 47, and 51","Book II Chapters 02, 27, 28, 33, and 34","Book III Chapters 3, 4, 6, and 7",Direct source normalization,1.0,"A dependent artifact cites `HAL-TERM-0138` when it uses **Readiness** with this exact governed meaning: Evidence that a workload may receive its declared class of work under current dependencies, configuration, and safety conditions.",A dependent artifact uses **Readiness** in a way that violates its required distinction: Readiness is scoped and must not be inferred from Liveness.,,Readiness is scoped and must not be inferred from Liveness.,
HAL-TERM-0139,Resource,11,Operations,Governed capacity,"A bounded consumable or allocatable asset such as compute, memory, storage, bandwidth, attention, time, energy, or device capacity.",Resource availability does not imply authority to allocate or consume it.,,Approved,"Book I Decisions 29, 38, 42, 47, and 51","Book II Chapters 02, 27, 28, 33, and 34","Book III Chapters 3, 4, 6, and 7",Direct source normalization,1.0,"A dependent artifact cites `HAL-TERM-0139` when it uses **Resource** with this exact governed meaning: A bounded consumable or allocatable asset such as compute, memory, storage, bandwidth, attention, time, energy, or device capacity.",A dependent artifact uses **Resource** in a way that violates its required distinction: Resource availability does not imply authority to allocate or consume it.,HAL-REL-0045,Resource availability does not imply authority to allocate or consume it.,
HAL-TERM-0140,Reservation,11,Operations,Resource claim,A time-bounded governed allocation claim against a Resource for a declared purpose and owner.,A Reservation is not proof the resource was consumed or the work completed.,,Approved,"Book I Decisions 29, 38, 42, 47, and 51","Book II Chapters 02, 27, 28, 33, and 34","Book III Chapters 3, 4, 6, and 7",Direct source normalization,1.0,A dependent artifact cites `HAL-TERM-0140` when it uses **Reservation** with this exact governed meaning: A time-bounded governed allocation claim against a Resource for a declared purpose and owner.,A dependent artifact uses **Reservation** in a way that violates its required distinction: A Reservation is not proof the resource was consumed or the work completed.,HAL-REL-0045,A Reservation is not proof the resource was consumed or the work completed.,
HAL-TERM-0141,Degraded Mode,11,Operations,Operating state,"A declared operating state in which selected capabilities or service levels are reduced while higher-priority constitutional, authority, safety, privacy, and evidence obligations remain protected.",Degradation must not silently weaken non-degradable controls.,,Approved,"Book I Decisions 29, 38, 42, 47, and 51","Book II Chapters 02, 27, 28, 33, and 34","Book III Chapters 3, 4, 6, and 7",Direct source normalization,1.0,"A dependent artifact cites `HAL-TERM-0141` when it uses **Degraded Mode** with this exact governed meaning: A declared operating state in which selected capabilities or service levels are reduced while higher-priority constitutional, authority, safety, privacy, and evidence obligations remain protected.",A dependent artifact uses **Degraded Mode** in a way that violates its required distinction: Degradation must not silently weaken non-degradable controls.,,Degradation must not silently weaken non-degradable controls.,
HAL-TERM-0142,Safe Mode,11,Operations,Protective operating state,"A constrained operating state that prioritizes containment, Owner communication, essential evidence, and prevention of unauthorized or unsafe effects.",Safe Mode is not a generic low-performance mode.,,Approved,"Book I Decisions 29, 38, 42, 47, and 51","Book II Chapters 02, 27, 28, 33, and 34","Book III Chapters 3, 4, 6, and 7",Direct source normalization,1.0,"A dependent artifact cites `HAL-TERM-0142` when it uses **Safe Mode** with this exact governed meaning: A constrained operating state that prioritizes containment, Owner communication, essential evidence, and prevention of unauthorized or unsafe effects.",A dependent artifact uses **Safe Mode** in a way that violates its required distinction: Safe Mode is not a generic low-performance mode.,,Safe Mode is not a generic low-performance mode.,
HAL-TERM-0143,Restricted Mode,11,Operations,Authority-limited state,"An operating state in which selected capabilities, integrations, or authority paths are disabled or narrowed because required trust, evidence, policy, or assurance is unavailable.","It must be explicit, observable, and reversible through governed recovery.",,Approved,"Book I Decisions 29, 38, 42, 47, and 51","Book II Chapters 02, 27, 28, 33, and 34","Book III Chapters 3, 4, 6, and 7",Direct source normalization,1.0,"A dependent artifact cites `HAL-TERM-0143` when it uses **Restricted Mode** with this exact governed meaning: An operating state in which selected capabilities, integrations, or authority paths are disabled or narrowed because required trust, evidence, policy, or assurance is unavailable.","A dependent artifact uses **Restricted Mode** in a way that violates its required distinction: It must be explicit, observable, and reversible through governed recovery.",,"It must be explicit, observable, and reversible through governed recovery.",
HAL-TERM-0144,Incident,11,Operations,Governed adverse event,"An event or condition requiring coordinated response because it threatens constitutional conformance, authority, security, privacy, trust, availability, integrity, or material outcomes.",An anomaly is not necessarily an Incident until classification criteria are met.,,Approved,"Book I Decisions 38, 42, and 50",Book II Chapters 27 and 28,"Book III Chapters 5, 6, 7, and 8",Direct source normalization,1.0,"A dependent artifact cites `HAL-TERM-0144` when it uses **Incident** with this exact governed meaning: An event or condition requiring coordinated response because it threatens constitutional conformance, authority, security, privacy, trust, availability, integrity, or material outcomes.",A dependent artifact uses **Incident** in a way that violates its required distinction: An anomaly is not necessarily an Incident until classification criteria are met.,,An anomaly is not necessarily an Incident until classification criteria are met.,
HAL-TERM-0145,Quarantine,11,Operations,Containment state,"A governed isolation state preventing a component, artifact, identity, message, or data set from participating beyond an explicitly limited inspection boundary.",Quarantine is not deletion and must preserve required evidence.,,Approved,"Book I Decisions 38, 42, and 50",Book II Chapters 27 and 28,"Book III Chapters 5, 6, 7, and 8",Direct source normalization,1.0,"A dependent artifact cites `HAL-TERM-0145` when it uses **Quarantine** with this exact governed meaning: A governed isolation state preventing a component, artifact, identity, message, or data set from participating beyond an explicitly limited inspection boundary.",A dependent artifact uses **Quarantine** in a way that violates its required distinction: Quarantine is not deletion and must preserve required evidence.,,Quarantine is not deletion and must preserve required evidence.,
HAL-TERM-0146,Recovery,11,Operations,Restoration process,"The governed process of restoring acceptable identity, authority, state, service, evidence, and trust after failure or compromise.",Restart alone is not Recovery.,,Approved,"Book I Decisions 38, 42, and 50",Book II Chapters 27 and 28,"Book III Chapters 5, 6, 7, and 8",Direct source normalization,1.0,"A dependent artifact cites `HAL-TERM-0146` when it uses **Recovery** with this exact governed meaning: The governed process of restoring acceptable identity, authority, state, service, evidence, and trust after failure or compromise.",A dependent artifact uses **Recovery** in a way that violates its required distinction: Restart alone is not Recovery.,HAL-REL-0046,Restart alone is not Recovery.,
HAL-TERM-0147,Recovery Point Objective,11,Operations,Recovery target,The maximum tolerable loss or unavailability of recoverable state measured from the disruption point for a declared domain.,"RPO is a target, not proof that recovery met it.",RPO,Approved,"Book I Decisions 38, 42, and 50",Book II Chapters 27 and 28,"Book III Chapters 5, 6, 7, and 8",Direct source normalization,1.0,A dependent artifact cites `HAL-TERM-0147` when it uses **Recovery Point Objective** with this exact governed meaning: The maximum tolerable loss or unavailability of recoverable state measured from the disruption point for a declared domain.,"A dependent artifact uses **Recovery Point Objective** in a way that violates its required distinction: RPO is a target, not proof that recovery met it.",,"RPO is a target, not proof that recovery met it.",
HAL-TERM-0148,Recovery Time Objective,11,Operations,Recovery target,The target duration for restoring a declared service or capability to its required state after disruption.,RTO does not authorize unsafe shortcuts during recovery.,RTO,Approved,"Book I Decisions 38, 42, and 50",Book II Chapters 27 and 28,"Book III Chapters 5, 6, 7, and 8",Direct source normalization,1.0,A dependent artifact cites `HAL-TERM-0148` when it uses **Recovery Time Objective** with this exact governed meaning: The target duration for restoring a declared service or capability to its required state after disruption.,A dependent artifact uses **Recovery Time Objective** in a way that violates its required distinction: RTO does not authorize unsafe shortcuts during recovery.,,RTO does not authorize unsafe shortcuts during recovery.,
HAL-TERM-0149,Release,11,Engineering,Governed artifact set,"A versioned, traceable, qualified set of software, configuration, schemas, models, and deployment artifacts approved for a declared environment and scope.",A successful build is not a Release.,,Approved,"Book I Decisions 43, 50, and 58",Book II Chapters 29 and 35,"Book III Chapters 1, 7, 8, and 9",Engineering term normalized under Books I–III,1.0,"A dependent artifact cites `HAL-TERM-0149` when it uses **Release** with this exact governed meaning: A versioned, traceable, qualified set of software, configuration, schemas, models, and deployment artifacts approved for a declared environment and scope.",A dependent artifact uses **Release** in a way that violates its required distinction: A successful build is not a Release.,HAL-REL-0054,A successful build is not a Release.,HAL-TRANS-0025; HAL-TRANS-0026
HAL-TERM-0150,Migration,11,Engineering,State or contract change,"A governed transition of data, state, schema, interface, configuration, or runtime behavior from one compatible condition to another.",A Migration must distinguish reversible steps from irreversible effects and compensation.,,Approved,"Book I Decisions 43, 50, and 58",Book II Chapters 29 and 35,"Book III Chapters 1, 7, 8, and 9",Engineering term normalized under Books I–III,1.0,"A dependent artifact cites `HAL-TERM-0150` when it uses **Migration** with this exact governed meaning: A governed transition of data, state, schema, interface, configuration, or runtime behavior from one compatible condition to another.",A dependent artifact uses **Migration** in a way that violates its required distinction: A Migration must distinguish reversible steps from irreversible effects and compensation.,,A Migration must distinguish reversible steps from irreversible effects and compensation.,
HAL-TERM-0151,Architecture Decision Record,11,Engineering,Decision record,"A durable record of a consequential architecture decision, context, alternatives, rationale, consequences, source traceability, and review status.",An ADR cannot authorize deviation from Book II without the approved architecture-governance process.,ADR,Approved,"Book I Decisions 43, 50, and 58",Book II Chapters 29 and 35,"Book III Chapters 1, 7, 8, and 9",Engineering term normalized under Books I–III,1.0,"A dependent artifact cites `HAL-TERM-0151` when it uses **Architecture Decision Record** with this exact governed meaning: A durable record of a consequential architecture decision, context, alternatives, rationale, consequences, source traceability, and review status.",A dependent artifact uses **Architecture Decision Record** in a way that violates its required distinction: An ADR cannot authorize deviation from Book II without the approved architecture-governance process.,HAL-REL-0047,An ADR cannot authorize deviation from Book II without the approved architecture-governance process.,
HAL-TERM-0152,Architecture Deviation,11,Engineering,Governed exception class,"A documented departure from an applicable Book II requirement processed through architecture governance with scope, risk, evidence, approval, and expiry or remediation.",It is not an ordinary Book III control exception and cannot amend Book II silently.,,Approved,"Book I Decisions 43, 50, and 58",Book II Chapters 29 and 35,"Book III Chapters 1, 7, 8, and 9",Engineering term normalized under Books I–III,1.0,"A dependent artifact cites `HAL-TERM-0152` when it uses **Architecture Deviation** with this exact governed meaning: A documented departure from an applicable Book II requirement processed through architecture governance with scope, risk, evidence, approval, and expiry or remediation.",A dependent artifact uses **Architecture Deviation** in a way that violates its required distinction: It is not an ordinary Book III control exception and cannot amend Book II silently.,,It is not an ordinary Book III control exception and cannot amend Book II silently.,
HAL-TERM-0153,Control,11,Engineering,Enforceable rule record,"A stable, attributable requirement with applicability, responsibility, enforcement, evidence, severity, exception authority, verification, and source traceability.",Advice is not a Control unless it is made objectively reviewable.,,Approved,"Book I Decisions 43, 50, and 58",Book II Chapters 29 and 35,"Book III Chapters 1, 7, 8, and 9",Engineering term normalized under Books I–III,1.0,"A dependent artifact cites `HAL-TERM-0153` when it uses **Control** with this exact governed meaning: A stable, attributable requirement with applicability, responsibility, enforcement, evidence, severity, exception authority, verification, and source traceability.",A dependent artifact uses **Control** in a way that violates its required distinction: Advice is not a Control unless it is made objectively reviewable.,HAL-REL-0048,Advice is not a Control unless it is made objectively reviewable.,
HAL-TERM-0154,Exception,11,Engineering,Time-bounded control relief,"A documented, scoped, risk-assessed, compensating, approved, expiring departure from a waivable lower-order Control.",A constitutional invariant cannot be waived; an Architecture Deviation uses its own governance path.,waiver,Approved,"Book I Decisions 43, 50, and 58",Book II Chapters 29 and 35,"Book III Chapters 1, 7, 8, and 9",Engineering term normalized under Books I–III,1.0,"A dependent artifact cites `HAL-TERM-0154` when it uses **Exception** with this exact governed meaning: A documented, scoped, risk-assessed, compensating, approved, expiring departure from a waivable lower-order Control.",A dependent artifact uses **Exception** in a way that violates its required distinction: A constitutional invariant cannot be waived; an Architecture Deviation uses its own governance path.,HAL-REL-0048,A constitutional invariant cannot be waived; an Architecture Deviation uses its own governance path.,HAL-TRANS-0027; HAL-TRANS-0028
HAL-TERM-0155,Definition of Ready,11,Engineering,Entry criteria,The minimum evidenced conditions required before consequential implementation work may begin or enter its next controlled stage.,Readiness does not imply approval to release or cross the Reality Boundary.,DoR,Approved,"Book I Decisions 43, 50, and 58",Book II Chapters 29 and 35,"Book III Chapters 1, 7, 8, and 9",Engineering term normalized under Books I–III,1.0,A dependent artifact cites `HAL-TERM-0155` when it uses **Definition of Ready** with this exact governed meaning: The minimum evidenced conditions required before consequential implementation work may begin or enter its next controlled stage.,A dependent artifact uses **Definition of Ready** in a way that violates its required distinction: Readiness does not imply approval to release or cross the Reality Boundary.,,Readiness does not imply approval to release or cross the Reality Boundary.,
HAL-TERM-0156,Definition of Done,11,Engineering,Completion criteria,The minimum evidenced conditions required before work may be treated as complete within a declared scope.,"Done does not erase post-release monitoring, retention, or recovery obligations.",DoD,Approved,"Book I Decisions 43, 50, and 58",Book II Chapters 29 and 35,"Book III Chapters 1, 7, 8, and 9",Engineering term normalized under Books I–III,1.0,A dependent artifact cites `HAL-TERM-0156` when it uses **Definition of Done** with this exact governed meaning: The minimum evidenced conditions required before work may be treated as complete within a declared scope.,"A dependent artifact uses **Definition of Done** in a way that violates its required distinction: Done does not erase post-release monitoring, retention, or recovery obligations.",,"Done does not erase post-release monitoring, retention, or recovery obligations.",
HAL-TERM-0157,Canonical Label,12,Naming,Naming element,The single approved label used as the primary reference for one Canonical Term.,Capitalization is part of controlled usage when needed to distinguish the term from ordinary language.,,Approved,Book I Constitutional Governance and Decision 58,"Book II Chapters 29, 30, and 35","Book III Chapters 1, 3, 4, 8, and 9",Book X semantic-governance choice constrained by higher-order sources,1.0,A dependent artifact cites `HAL-TERM-0157` when it uses **Canonical Label** with this exact governed meaning: The single approved label used as the primary reference for one Canonical Term.,A dependent artifact uses **Canonical Label** in a way that violates its required distinction: Capitalization is part of controlled usage when needed to distinguish the term from ordinary language.,,Capitalization is part of controlled usage when needed to distinguish the term from ordinary language.,
HAL-TERM-0158,Acronym,12,Naming,Abbreviated label,An approved shortened form mapped to exactly one canonical expansion within its declared scope.,An Acronym must be expanded on first use unless the audience and artifact make the meaning unambiguous.,,Approved,Book I Constitutional Governance and Decision 58,"Book II Chapters 29, 30, and 35","Book III Chapters 1, 3, 4, 8, and 9",Book X semantic-governance choice constrained by higher-order sources,1.0,A dependent artifact cites `HAL-TERM-0158` when it uses **Acronym** with this exact governed meaning: An approved shortened form mapped to exactly one canonical expansion within its declared scope.,A dependent artifact uses **Acronym** in a way that violates its required distinction: An Acronym must be expanded on first use unless the audience and artifact make the meaning unambiguous.,,An Acronym must be expanded on first use unless the audience and artifact make the meaning unambiguous.,
HAL-TERM-0159,Semantic Version,12,Governance,Compatibility marker,A version assigned to the Book X corpus to communicate the compatibility impact of semantic changes.,"It does not replace the versioning of Books I-III, components, or interfaces.",,Approved,Book I Constitutional Governance and Decision 58,"Book II Chapters 29, 30, and 35","Book III Chapters 1, 3, 4, 8, and 9",Book X semantic-governance choice constrained by higher-order sources,1.0,A dependent artifact cites `HAL-TERM-0159` when it uses **Semantic Version** with this exact governed meaning: A version assigned to the Book X corpus to communicate the compatibility impact of semantic changes.,"A dependent artifact uses **Semantic Version** in a way that violates its required distinction: It does not replace the versioning of Books I-III, components, or interfaces.",,"It does not replace the versioning of Books I-III, components, or interfaces.",
HAL-TERM-0160,Term Status,12,Governance,Lifecycle label,"The controlled state of a Term Record: Proposed, Candidate, Approved, Deprecated, Retired, or Rejected.",Status must not be inferred from document age or usage frequency.,,Approved,Book I Constitutional Governance and Decision 58,"Book II Chapters 29, 30, and 35","Book III Chapters 1, 3, 4, 8, and 9",Book X semantic-governance choice constrained by higher-order sources,1.0,"A dependent artifact cites `HAL-TERM-0160` when it uses **Term Status** with this exact governed meaning: The controlled state of a Term Record: Proposed, Candidate, Approved, Deprecated, Retired, or Rejected.",A dependent artifact uses **Term Status** in a way that violates its required distinction: Status must not be inferred from document age or usage frequency.,,Status must not be inferred from document age or usage frequency.,
HAL-TERM-0161,Cross-Book Term Index,12,Governance,Traceability index,"The mapping from each Canonical Term to its authoritative source, Book X record, and known use across the HAL canon.","It is an index, not a substitute for reading the governing source.",,Approved,Book I Constitutional Governance and Decision 58,"Book II Chapters 29, 30, and 35","Book III Chapters 1, 3, 4, 8, and 9",Book X semantic-governance choice constrained by higher-order sources,1.0,"A dependent artifact cites `HAL-TERM-0161` when it uses **Cross-Book Term Index** with this exact governed meaning: The mapping from each Canonical Term to its authoritative source, Book X record, and known use across the HAL canon.","A dependent artifact uses **Cross-Book Term Index** in a way that violates its required distinction: It is an index, not a substitute for reading the governing source.",HAL-REL-0049,"It is an index, not a substitute for reading the governing source.",
HAL-TERM-0162,Semantic Compatibility,12,Governance,Compatibility relation,The condition in which a terminology or information-model change preserves the valid interpretation and obligations of dependent artifacts within declared scope.,Textual similarity alone does not establish Semantic Compatibility.,,Approved,Book I Constitutional Governance and Decision 58,"Book II Chapters 29, 30, and 35","Book III Chapters 1, 3, 4, 8, and 9",Book X semantic-governance choice constrained by higher-order sources,1.0,A dependent artifact cites `HAL-TERM-0162` when it uses **Semantic Compatibility** with this exact governed meaning: The condition in which a terminology or information-model change preserves the valid interpretation and obligations of dependent artifacts within declared scope.,A dependent artifact uses **Semantic Compatibility** in a way that violates its required distinction: Textual similarity alone does not establish Semantic Compatibility.,,Textual similarity alone does not establish Semantic Compatibility.,
HAL-TERM-0163,Trust Domain,10,Trust,Governance context,"A bounded identity, policy, evidence, security, privacy, and accountability context within which trust assumptions and controls are evaluated.",Trust Domain is the generic concept. An External Trust Domain is a Trust Domain outside HAL's native governance boundary and requires governed cross-domain exchange.,,Approved,Book I Decisions 49 and 52,"Book II Chapters 18, 21, and 24",Book III Chapter 5,Derived semantic synthesis required by the Book X scope,1.0,"A dependent artifact cites `HAL-TERM-0163` when it uses **Trust Domain** with this exact governed meaning: A bounded identity, policy, evidence, security, privacy, and accountability context within which trust assumptions and controls are evaluated.",A dependent artifact uses **Trust Domain** in a way that violates its required distinction: Trust Domain is the generic concept. An External Trust Domain is a Trust Domain outside HAL's native governance boundary and requires governed cross-domain exchange.,HAL-REL-0050,Trust Domain is the generic concept. An External Trust Domain is a Trust Domain outside HAL's native governance boundary and requires governed cross-domain exchange.,
HAL-TERM-0164,Owner Authorization Ceremony,4,Authority,Protected authorization mechanism,"The Book II-governed mechanism through which the Owner authorizes an exact protected change, capability-class decision, Treaty, or other Owner-reserved matter bound to an immutable decision identifier, declared scope, and validity period.","It is not conversational consent, ordinary Delegation, reusable standing permission, or a substitute for Constitutional Kernel validation; it authorizes only the exact recorded matter.",,Approved,"Book I Decisions 48, 49, 50, and 58","Book II Chapters 03, 05, 16, 21, and 29","Book III Chapters 1, 5, 7, 8, and 9",Direct source normalization,1.0,"The Owner authorizes Treaty `TRT-2048` through a ceremony record bound to that exact immutable Treaty digest, scope, activation window, and decision identifier.",A chat message saying “I approve future treaties with this partner” is treated as a reusable Owner authorization.,HAL-REL-0051; HAL-REL-0052,"It is not conversational consent, ordinary Delegation, reusable standing permission, or a substitute for Constitutional Kernel validation; it authorizes only the exact recorded matter.",
HAL-TERM-0165,Evidence Service,7,Evidence,Architectural component class,"The Book II authoritative service that admits and governs Evidence Objects and owns their custody, signatures, provenance bindings, and verification state.","Observability, audit, and source systems may produce Evidence Candidates or records but cannot independently admit Evidence Objects or mutate evidentiary meaning.",,Approved,Book I Decision 26,Book II Chapters 18 and 25,"Book III Chapters 4, 5, 6, and 8",Direct source normalization,1.0,A telemetry record enters as an Evidence Candidate; the Evidence Service validates provenance and custody before admitting a new immutable Evidence Object.,A logging or observability service labels its mutable record an Evidence Object without the governed admission process.,HAL-REL-0053,"Observability, audit, and source systems may produce Evidence Candidates or records but cannot independently admit Evidence Objects or mutate evidentiary meaning.",
HAL-TERM-0166,Release Authority,11,Engineering,Governed certification role,The Book III-designated role authorized to certify a qualified Release for a declared deployment scope after all required verification and reviews have passed.,"Release Authority cannot waive Constitutional Invariants, replace architecture, security, or privacy review, or authorize deployment beyond the certified scope.",,Approved,"Book I Decisions 43, 50, and 58",Book II Chapters 29 and 35,Book III Chapter 7,Engineering term normalized under Books I–III,1.0,"The Release Authority certifies Release `R-42` only after the scoped qualification evidence and required architecture, security, and privacy reviews pass.",A successful CI build deploys itself because pipeline success is treated as Release Authority approval.,HAL-REL-0054,"Release Authority cannot waive Constitutional Invariants, replace architecture, security, or privacy review, or authorize deployment beyond the certified scope.",
